PROPERTY_ID,ESTIMATED_VALUE,fundamental_price_per_share,stock_price
4111190226408111999,1156227.0,115622.7,11562.27
-9215308295114719187,1127727.0,112772.7,11277.27
6557802472859277868,804834.0,80483.4,8048.339999999999
-1266847334670540195,2651657.0,265165.7,26516.57
2714414837550763623,1320163.0,132016.3,13201.63
-1869115282578351499,1323265.0,132326.5,13232.65
5607864022516246540,860235.0,86023.5,8602.35
-992741105080461428,890146.0,89014.6,8901.460000000001
-8862690596078235217,866834.0,86683.4,8668.34
8301762579398914535,811406.0,81140.6,8114.06
-1084091314688742513,775561.0,77556.1,7755.610000000001
1374185482411826227,1079521.0,107952.1,10795.210000000001
4462013482116015118,893235.0,89323.5,8932.35
4060062132695779645,1111314.0,111131.4,11113.14
9004054215468564888,1645072.0,164507.2,16450.72
-1192620038397934329,1030878.0,103087.8,10308.78
-3292701340398773392,1275644.0,127564.4,12756.439999999999
-4613318972378545147,1075938.0,107593.8,10759.380000000001
5700040541860768932,1236419.0,123641.9,12364.189999999999
-2034667434188739404,1050100.0,105010.0,10501.0
4518181905105894039,1132346.0,113234.6,11323.460000000001
-5268904233394897868,1304598.0,130459.8,13045.98
7166459983633904874,2145466.0,214546.6,21454.66
3924750237690333403,1513443.0,151344.3,15134.429999999998
-7160364898417515027,4814179.0,481417.9,48141.79
-8666871738039085224,1711485.0,171148.5,17114.85
-9060839914379621963,1169412.0,116941.2,11694.119999999999
9048504446514960999,1690607.0,169060.7,16906.07
1688996896301684584,757482.0,75748.2,7574.82
-6817056965724502199,1074301.0,107430.1,10743.01
8174736620118941184,1962867.0,196286.7,19628.670000000002
-3172963013202612231,1892085.0,189208.5,18920.85
-6362118611531340859,1888978.0,188897.8,18889.78
-6647630291237709079,3702609.0,370260.9,37026.090000000004
4111782727948262330,1655706.0,165570.6,16557.06
-6431576468101594597,827502.0,82750.2,8275.02
-3007762000555674752,2169170.0,216917.0,21691.7
651724417037501372,2213558.0,221355.8,22135.579999999998
6825120051789209009,1909421.0,190942.1,19094.21
-7882958039124628111,1370568.0,137056.8,13705.679999999998
-8861758112463129375,1307241.0,130724.1,13072.41
-5515232526262770731,2594710.0,259471.0,25947.1
7131296675366188395,453485.0,45348.5,4534.85
568104214176133709,1230421.0,123042.1,12304.210000000001
9118605781212340221,1629584.0,162958.4,16295.84
7932982714852952984,1402210.0,140221.0,14022.1
2861667720322896262,1697058.0,169705.8,16970.579999999998
2547982594644342621,1577626.0,157762.6,15776.26
7757601539145238933,1083857.0,108385.7,10838.57
-1130639545155700756,1312218.0,131221.8,13122.179999999998
-6329032153841175665,1393056.0,139305.6,13930.560000000001
7087067467166494342,697248.0,69724.8,6972.4800000000005
3868430359517306232,778362.0,77836.2,7783.62
-7373724014469665555,577920.0,57792.0,5779.2
604576721888507108,907125.0,90712.5,9071.25
-954579563482866044,299594.0,29959.4,2995.94
-5493878204255529310,896129.0,89612.9,8961.289999999999
,0.0,0.0,0.0
2226039770672135526,442665.0,44266.5,4426.65
6993512988674331011,447898.0,44789.8,4478.9800000000005
-2790725818118512739,626417.0,62641.7,6264.17
-512380699994660110,0.0,0.0,0.0
-1171312375649200655,842451.0,84245.1,8424.51
-6027618592950963202,750804.0,75080.4,7508.039999999999
-3535189657223531823,822256.0,82225.6,8222.560000000001
-7414020088677831556,944014.0,94401.4,9440.14
-1801355723797094202,1463885.0,146388.5,14638.85
-1154369685865444035,729365.0,72936.5,7293.65
3660422759624635153,903308.0,90330.8,9033.08
-8175261518552631365,638801.0,63880.1,6388.01
5338305372321934892,790193.0,79019.3,7901.93
5962895567652999963,808579.0,80857.9,8085.789999999999
7854037706001872879,939998.0,93999.8,9399.98
-1835302035407596104,800256.0,80025.6,8002.56
5866906648940745160,1211087.0,121108.7,12110.869999999999
-3143712705215161585,1746024.0,174602.4,17460.239999999998
2254048378482639599,652060.0,65206.0,6520.6
3477090491784136626,0.0,0.0,0.0
1757812554370472401,0.0,0.0,0.0
1717157960559248399,2319454.0,231945.4,23194.54
2742913821606758130,1034781.0,103478.1,10347.810000000001
-3713709803705653532,1928121.0,192812.1,19281.21
-3286630580481659107,973601.0,97360.1,9736.01
-7599679866426366315,2362077.0,236207.7,23620.77
-845135838687903734,3726461.0,372646.1,37264.61
-6377385083317358315,2062082.0,206208.2,20620.82
7652883918698123271,1283513.0,128351.3,12835.130000000001
-3649240973764480130,2769119.0,276911.9,27691.190000000002
5394382920366980145,3297889.0,329788.9,32978.89
6411183640042012650,1068480.0,106848.0,10684.8
-4454845652341218772,1148830.0,114883.0,11488.3
410220175336725198,880573.0,88057.3,8805.73
-659771000285427136,988884.0,98888.4,9888.84
5938833292944023817,718764.0,71876.4,7187.639999999999
3608373409212105249,428923.0,42892.3,4289.2300000000005
-6690046847192816891,712052.0,71205.2,7120.5199999999995
-2997128456739657963,654893.0,65489.3,6548.93
4491313672866448349,1159828.0,115982.8,11598.28
-8887051394590078316,867739.0,86773.9,8677.39
-6.08030259193714e+18,0.0,0.0,0.0
-4695981230374423626,1048180.0,104818.0,10481.8
-3664042292769434002,498837.0,49883.7,4988.37
5940565187187811499,702530.0,70253.0,7025.3
-9223075358169754586,905063.0,90506.3,9050.630000000001
681813806187360007,998070.0,99807.0,9980.7
-1852892802869011138,1436272.0,143627.2,14362.720000000001
1472208961093448262,1125591.0,112559.1,11255.91
6223339942204855256,1620867.0,162086.7,16208.670000000002
1110545510145377317,1550580.0,155058.0,15505.8
6941508146010028137,1847870.0,184787.0,18478.7
1938372325929551415,2679958.0,267995.8,26799.579999999998
8776590829351850315,261668.0,26166.8,2616.68
-368109217126810666,5078639.0,507863.9,50786.39
-348220388493958974,0.0,0.0,0.0
-6364383114868713733,1283294.0,128329.4,12832.939999999999
2799495015159278894,1310826.0,131082.6,13108.26
-7065101279720653012,611862.0,61186.2,6118.62
-4405156984937147418,700316.0,70031.6,7003.160000000001
4995939500632747443,749956.0,74995.6,7499.56
-6391817335046432246,588193.0,58819.3,5881.93
-5439967634338584347,6370335.0,637033.5,63703.35
5264914533132643935,1315126.0,131512.6,13151.26
7274197175303291994,1210103.0,121010.3,12101.03
-2901475375779309812,0.0,0.0,0.0
3258775462779588134,2777829.0,277782.9,27778.29
-1242178506339484934,2004700.0,200470.0,20047.0
-1343711129868239768,2519814.0,251981.4,25198.14
1950041923164681592,2527794.0,252779.4,25277.94
-2973296697432121431,3677196.0,367719.6,36771.96
-5668069676140643213,0.0,0.0,0.0
-4465571541499763948,1272963.0,127296.3,12729.630000000001
-6896333824841063738,1018518.0,101851.8,10185.18
118210518472165143,906462.0,90646.2,9064.619999999999
-2189842929911433350,914272.0,91427.2,9142.72
3101285241334969626,358688.0,35868.8,3586.88
-5253327298846526146,0.0,0.0,0.0
-3850429089452392541,2400074.0,240007.4,24000.739999999998
3116774761789183666,894398.0,89439.8,8943.98
-4746829078733048894,1988351.0,198835.1,19883.510000000002
5212168962385239780,1344599.0,134459.9,13445.99
-918452293536653787,483454.0,48345.4,4834.54
6151749720627845322,0.0,0.0,0.0
2279449676368457713,948869.0,94886.9,9488.689999999999
9062468559074262524,0.0,0.0,0.0
-211778283412484913,966669.0,96666.9,9666.689999999999
-3131682627044547520,758795.0,75879.5,7587.95
-1014173529905885288,883569.0,88356.9,8835.689999999999
-635565739365224921,994156.0,99415.6,9941.560000000001
-6616339289757346010,1300452.0,130045.2,13004.52
-8767279636431404703,1646664.0,164666.4,16466.64
-4417054789188425120,1309697.0,130969.7,13096.97
1819824209338375420,780914.0,78091.4,7809.139999999999
-6329009915044809227,4496700.0,449670.0,44967.0
5411121907716619182,1679809.0,167980.9,16798.09
7310697511809593621,2288211.0,228821.1,22882.11
1456414896623992777,1718281.0,171828.1,17182.81
-8606376755709310864,732072.0,73207.2,7320.719999999999
6397101707105773912,2099853.0,209985.3,20998.53
-5220436856192939331,3375305.0,337530.5,33753.05
-1805418698996594328,864443.0,86444.3,8644.43
-7124137740196699733,910926.0,91092.6,9109.26
-4890693252486904072,2341036.0,234103.6,23410.36
-2793417351455240009,2356906.0,235690.6,23569.06
3668497493278502938,1496474.0,149647.4,14964.74
8982662145230974867,2938684.0,293868.4,29386.840000000004
-6173132262321128741,1546788.0,154678.8,15467.88
8.931099130332147e+17,0.0,0.0,0.0
-442218835965742237,0.0,0.0,0.0
-6317826389598357309,1800494.0,180049.4,18004.94
-5354853767378667426,2646319.0,264631.9,26463.190000000002
8614673836784328969,2073859.0,207385.9,20738.59
-8810918456658481983,2401101.0,240110.1,24011.010000000002
-4229998734553609974,2311636.0,231163.6,23116.36
1740476502145402351,933730.0,93373.0,9337.3
4251461302710129641,917255.0,91725.5,9172.55
-3000604991826997107,0.0,0.0,0.0
8440833668296742183,723773.0,72377.3,7237.7300000000005
-2457747838927914119,2112577.0,211257.7,21125.77
2353161676125802044,1131020.0,113102.0,11310.2
7062121178039224506,1211458.0,121145.8,12114.58
-4968093163938957139,1617507.0,161750.7,16175.070000000002
-2525791179768530672,1136227.0,113622.7,11362.27
-5298427603209176161,938738.0,93873.8,9387.380000000001
2606979203744054185,663303.0,66330.3,6633.030000000001
-8210877432033678121,0.0,0.0,0.0
-4323420388998753771,700813.0,70081.3,7008.13
-4323420388998753771,715726.0,71572.6,7157.26
5925108109211956465,1355127.0,135512.7,13551.27
-3252484303595945661,1622776.0,162277.6,16227.76
6234485114114413149,1744985.0,174498.5,17449.85
-2448818965581746954,1291678.0,129167.8,12916.78
8550415893936922744,1588953.0,158895.3,15889.529999999999
-1299163399111973968,1238726.0,123872.6,12387.26
8390986115495893659,0.0,0.0,0.0
-1.7588005982093053e+18,0.0,0.0,0.0
4208143546787985404,811222.0,81122.2,8112.219999999999
5266830055097805554,1030253.0,103025.3,10302.53
4104235718860090747,898508.0,89850.8,8985.08
7088660275742558120,795888.0,79588.8,7958.88
-8129975145505832634,563239.0,56323.9,5632.39
-1708947991575822526,481783.0,48178.3,4817.83
7824751118388787091,597283.0,59728.3,5972.83
2411868642769823803,572187.0,57218.7,5721.87
3336563449028471002,610412.0,61041.2,6104.12
467033491975760666,0.0,0.0,0.0
-3616325402491177032,442619.0,44261.9,4426.1900000000005
5952913149604677384,686353.0,68635.3,6863.530000000001
5996149252062723069,781956.0,78195.6,7819.56
427836777712955547,541441.0,54144.1,5414.41
5886158050268092812,1028460.0,102846.0,10284.6
2984050655555693943,721935.0,72193.5,7219.35
2380234268226616456,0.0,0.0,0.0
3.390421732439761e+18,0.0,0.0,0.0
6677941747127337785,0.0,0.0,0.0
1088646950095265798,932317.0,93231.7,9323.17
3443558239798079628,759194.0,75919.4,7591.94
-8037756055820468088,949786.0,94978.6,9497.86
-7627848063432603008,792158.0,79215.8,7921.58
-2543161875058189858,1192737.0,119273.7,11927.369999999999
-1700572166170907404,588858.0,58885.8,5888.58
-5938799630117736805,152835.0,15283.5,1528.35
-2.4351205342789e+18,0.0,0.0,0.0
-7136810432255974847,1394655.0,139465.5,13946.55
8181911754754837194,885809.0,88580.9,8858.09
7321084392091429114,877828.0,87782.8,8778.28
2381701617530371548,1380118.0,138011.8,13801.179999999998
2424673300038049019,2200595.0,220059.5,22005.95
8704434667684783684,1184026.0,118402.6,11840.26
983802797410880089,850900.0,85090.0,8509.0
6122806972636455298,1634288.0,163428.8,16342.88
3279016447319365227,1178001.0,117800.1,11780.01
8649551472435836589,1054289.0,105428.9,10542.89
7974807881709940556,1608754.0,160875.4,16087.539999999999
-2160661615455462647,823463.0,82346.3,8234.630000000001
5238289608728136566,850627.0,85062.7,8506.27
7740799961764302568,653573.0,65357.3,6535.7300000000005
7350214015013380936,811479.0,81147.9,8114.789999999999
-2774197426725795030,730225.0,73022.5,7302.25
7996272899122313425,802645.0,80264.5,8026.45
483296865425032408,482962.0,48296.2,4829.62
-4531157109980509674,720673.0,72067.3,7206.7300000000005
-8193288293658743951,860147.0,86014.7,8601.47
-4704725483387309268,537952.0,53795.2,5379.5199999999995
-1996814142908059772,578965.0,57896.5,5789.65
-3873137974133317430,445191.0,44519.1,4451.91
-3185612848588941786,830676.0,83067.6,8306.76
9086455574697998478,1022602.0,102260.2,10226.02
3000254725988055055,1128044.0,112804.4,11280.439999999999
-186879505086637808,809255.0,80925.5,8092.55
21740955648869669,959816.0,95981.6,9598.16
-790198171940361737,872342.0,87234.2,8723.42
7036676358718803598,1023995.0,102399.5,10239.95
5904028795596911934,1265923.0,126592.3,12659.23
-6742960487524160980,1161643.0,116164.3,11616.43
6951020941284915750,891875.0,89187.5,8918.75
-178340032524824078,1450174.0,145017.4,14501.74
771234012098624023,1205214.0,120521.4,12052.14
4966902400284730929,1530135.0,153013.5,15301.35
9135548130296670742,1068456.0,106845.6,10684.560000000001
-7358688463328132771,1565645.0,156564.5,15656.45
-8.98226439689542e+18,0.0,0.0,0.0
-6395641900760649790,1503527.0,150352.7,15035.27
-4723138546581468204,441859.0,44185.9,4418.59
-5044446625972749178,1018708.0,101870.8,10187.08
-189779474570082222,1160188.0,116018.8,11601.880000000001
1304410419483048585,847432.0,84743.2,8474.32
-8904106217856202559,1024493.0,102449.3,10244.93
1274309662437543002,548878.0,54887.8,5488.780000000001
9035651069361146815,1578904.0,157890.4,15789.039999999999
-3341669283000504016,1482981.0,148298.1,14829.810000000001
5398123161640494467,1784936.0,178493.6,17849.36
4931120074380921285,2068883.0,206888.3,20688.829999999998
5288768060539899684,806981.0,80698.1,8069.81
-7633578548324039605,355289.0,35528.9,3552.8900000000003
5562305128386981246,797532.0,79753.2,7975.32
8019285657216003881,971215.0,97121.5,9712.15
8654607713714493416,809612.0,80961.2,8096.12
-1206576299328737936,717581.0,71758.1,7175.81
771691598312347588,0.0,0.0,0.0
5781029490571085096,708629.0,70862.9,7086.289999999999
5384921395897867730,920720.0,92072.0,9207.2
9037225317403685090,674090.0,67409.0,6740.9
-8410023194308140859,781746.0,78174.6,7817.460000000001
177027427542056684,509555.0,50955.5,5095.55
-5362974063199025072,819935.0,81993.5,8199.35
-6618553672482914918,1136785.0,113678.5,11367.85
1001259434509502495,623544.0,62354.4,6235.4400000000005
1937146261819932297,851855.0,85185.5,8518.55
-3958605848759087991,485528.0,48552.8,4855.280000000001
654157604739140901,665723.0,66572.3,6657.2300000000005
-53986266257965732,948397.0,94839.7,9483.97
1627859117091011562,1306709.0,130670.9,13067.09
4030133033660856854,916889.0,91688.9,9168.89
-1352290848646869465,876435.0,87643.5,8764.35
5891863936561112930,590882.0,59088.2,5908.82
-6754684645622779113,635670.0,63567.0,6356.7
-6608952519599298868,991421.0,99142.1,9914.210000000001
1849878548246802666,1579432.0,157943.2,15794.320000000002
3096919560633679362,1135641.0,113564.1,11356.41
-7140118760415234631,843398.0,84339.8,8433.98
4857644355988846784,615201.0,61520.1,6152.01
2647074825312992175,835797.0,83579.7,8357.97
-9189855668719050097,570430.0,57043.0,5704.3
-4585438675636999042,633401.0,63340.1,6334.01
212994599941830735,799476.0,79947.6,7994.76
-126694077279345101,956330.0,95633.0,9563.3
-642479221243368751,869845.0,86984.5,8698.45
-5674522684497817233,387742.0,38774.2,3877.4199999999996
-5674522684497817233,401933.0,40193.3,4019.3300000000004
6660149179706266501,756947.0,75694.7,7569.469999999999
3268077848196009782,590287.0,59028.7,5902.87
-2690980782898068059,513004.0,51300.4,5130.04
-223457130103908590,1303335.0,130333.5,13033.35
2679028233084172199,1226466.0,122646.6,12264.66
4803880264385384664,1209769.0,120976.9,12097.689999999999
4104315428926744508,1195924.0,119592.4,11959.24
-7112387612810970917,1365239.0,136523.9,13652.39
-2257430765215748872,999156.0,99915.6,9991.560000000001
-5052992721172808524,1087683.0,108768.3,10876.83
5587053020687880681,796054.0,79605.4,7960.539999999999
-8150001229553870285,524665.0,52466.5,5246.65
6617192463109474370,865860.0,86586.0,8658.6
3844166430316863116,1857320.0,185732.0,18573.2
4199069871649653379,636080.0,63608.0,6360.8
1344773748325783932,405152.0,40515.2,4051.5199999999995
7438651856751262191,959812.0,95981.2,9598.119999999999
-4369059199452065599,649742.0,64974.2,6497.42
-3831024447574818395,731371.0,73137.1,7313.710000000001
8627877304969850766,1055737.0,105573.7,10557.369999999999
5071234598611895551,1785153.0,178515.3,17851.53
2333131715370723764,1477358.0,147735.8,14773.579999999998
-5653915354048802267,1004111.0,100411.1,10041.11
-8571738691775716202,409090.0,40909.0,4090.9
-8531469726827545816,529043.0,52904.3,5290.43
1899251346397873945,493172.0,49317.2,4931.719999999999
3700247129223087788,699400.0,69940.0,6994.0
3200679503595959593,317652.0,31765.2,3176.52
5005690366212546023,881624.0,88162.4,8816.24
-5499786486469219511,875284.0,87528.4,8752.84
-1376940951738414738,843358.0,84335.8,8433.58
-7663821319554614264,814543.0,81454.3,8145.43
-8501252114262490947,889218.0,88921.8,8892.18
315189729929780360,918531.0,91853.1,9185.310000000001
-6025296783510769996,1936332.0,193633.2,19363.32
1529658522436279949,620562.0,62056.2,6205.62
6836997092128203904,530504.0,53050.4,5305.04
6054273422241969344,558235.0,55823.5,5582.35
-4262689713755986804,393792.0,39379.2,3937.9199999999996
-1745396935720050444,829705.0,82970.5,8297.05
3761214765353239229,951858.0,95185.8,9518.58
6375523393138848241,1187592.0,118759.2,11875.92
-5421008672079208505,837840.0,83784.0,8378.4
-3502946746396476071,575006.0,57500.6,5750.0599999999995
2785005768501454881,616987.0,61698.7,6169.87
1721369256766023094,560838.0,56083.8,5608.38
-8399039545312346729,549379.0,54937.9,5493.79
4206395345303276976,610916.0,61091.6,6109.16
3519858658248308425,609499.0,60949.9,6094.99
-5282913782499742386,639825.0,63982.5,6398.25
-7437441853254694768,564529.0,56452.9,5645.29
-987394625547400327,730308.0,73030.8,7303.08
4723530346517202317,658983.0,65898.3,6589.83
7657724059540503594,468169.0,46816.9,4681.6900000000005
-3037022480672803251,675602.0,67560.2,6756.0199999999995
1132700037872430216,586756.0,58675.6,5867.5599999999995
3192460841717366387,597261.0,59726.1,5972.61
-5002368765636616416,497851.0,49785.1,4978.51
3917385797249901542,487996.0,48799.6,4879.96
-6226044667154650491,875601.0,87560.1,8756.01
4222346754720172786,382791.0,38279.1,3827.91
-478067245631527244,457822.0,45782.2,4578.219999999999
7447582051411936649,434206.0,43420.6,4342.0599999999995
3732476786627104263,425071.0,42507.1,4250.71
-6569143719951261368,492081.0,49208.1,4920.8099999999995
6120086546991662888,0.0,0.0,0.0
-4643968537157005125,477458.0,47745.8,4774.58
-5371453153248722992,463364.0,46336.4,4633.64
4929091459738002500,437266.0,43726.6,4372.66
6698665696593197048,479368.0,47936.8,4793.68
-2244887954867439474,528812.0,52881.2,5288.12
-2881150664708116037,601942.0,60194.2,6019.42
-18046349555926099,505320.0,50532.0,5053.2
1597228082959308118,0.0,0.0,0.0
585812563266736723,563447.0,56344.7,5634.469999999999
5393400223443041316,430152.0,43015.2,4301.5199999999995
4656021682410717766,462414.0,46241.4,4624.14
-111941206139662318,0.0,0.0,0.0
91028391982818597,459829.0,45982.9,4598.29
8901284086400057549,367798.0,36779.8,3677.9800000000005
6306313835610666242,578339.0,57833.9,5783.39
1581652350836281702,617121.0,61712.1,6171.21
-7965422237510286771,464986.0,46498.6,4649.86
-1081877658466189277,520186.0,52018.6,5201.86
8293869948967514605,0.0,0.0,0.0
8922491034268641809,489781.0,48978.1,4897.8099999999995
-5781691811786989833,396078.0,39607.8,3960.78
-7014105444337207374,0.0,0.0,0.0
5025933389833697632,409007.0,40900.7,4090.0699999999997
-4769133561491240141,445317.0,44531.7,4453.17
1720743733061190233,969492.0,96949.2,9694.92
2170966867433250362,349862.0,34986.2,3498.62
244000835083217975,314755.0,31475.5,3147.55
3999881605742806213,454172.0,45417.2,4541.719999999999
-1.4502269030073382e+17,0.0,0.0,0.0
5.18382044562985e+18,0.0,0.0,0.0
-7007461883170004006,493253.0,49325.3,4932.530000000001
-5026276056096725024,411096.0,41109.6,4110.96
252530848971651586,822243.0,82224.3,8222.43
8273336101273857977,473595.0,47359.5,4735.95
-6237011280304356717,555708.0,55570.8,5557.08
2201861226417610140,648036.0,64803.6,6480.36
-6128653800252221197,692323.0,69232.3,6923.2300000000005
-1644538631033179422,737387.0,73738.7,7373.87
-5204459223012515209,490525.0,49052.5,4905.25
4763339935697230505,932548.0,93254.8,9325.48
8877703032763310410,873188.0,87318.8,8731.880000000001
-663159576920706054,980163.0,98016.3,9801.630000000001
5068118176391224380,0.0,0.0,0.0
-8420399442574227606,391130.0,39113.0,3911.3
-8244495756337853072,0.0,0.0,0.0
-3845497192661565946,373543.0,37354.3,3735.4300000000003
-4355092892009769656,0.0,0.0,0.0
-8316871222559858608,0.0,0.0,0.0
-3115459817144003119,491543.0,49154.3,4915.43
-808941202430625099,496863.0,49686.3,4968.63
2008758484999487048,447543.0,44754.3,4475.43
507763186231803009,371115.0,37111.5,3711.15
3839667963828212495,398796.0,39879.6,3987.96
-2789540925712918677,426419.0,42641.9,4264.1900000000005
4517394739406302256,534889.0,53488.9,5348.89
-7554949519652291866,510559.0,51055.9,5105.59
-3207715931336018937,510257.0,51025.7,5102.57
5936526827641978674,296885.0,29688.5,2968.85
7857707245782895651,353473.0,35347.3,3534.7300000000005
-1274586291577237802,0.0,0.0,0.0
-4816248942613929756,546267.0,54626.7,5462.67
-1232761459833789800,421945.0,42194.5,4219.45
6885459685642330289,0.0,0.0,0.0
7619357327007965789,434653.0,43465.3,4346.530000000001
-8922863807054678993,348424.0,34842.4,3484.2400000000002
8929247286895507947,383803.0,38380.3,3838.03
-255402253003050677,448031.0,44803.1,4480.3099999999995
7211585597084415442,407792.0,40779.2,4077.9199999999996
6654655998397270580,493799.0,49379.9,4937.99
2295334883164296777,361526.0,36152.6,3615.2599999999998
-733506126458052326,300617.0,30061.7,3006.17
1136610911056919323,466825.0,46682.5,4668.25
4691422374424452587,495470.0,49547.0,4954.7
-1198098954189230486,438722.0,43872.2,4387.219999999999
-968291696578517893,0.0,0.0,0.0
-7231365097454574915,386400.0,38640.0,3864.0
273364779718309758,64327.0,6432.7,643.27
4211034552207229606,460299.0,46029.9,4602.99
-8431311968234440830,542414.0,54241.4,5424.14
1817407557600248490,606577.0,60657.7,6065.7699999999995
-66966158729126699,566542.0,56654.2,5665.42
-3904644602888035170,602395.0,60239.5,6023.95
2192291470341600443,431797.0,43179.7,4317.969999999999
-5317003611959873304,439409.0,43940.9,4394.09
-5380755572886130340,0.0,0.0,0.0
5251768132840162878,441047.0,44104.7,4410.469999999999
-4742567172932766420,465947.0,46594.7,4659.469999999999
7751861439651967820,475979.0,47597.9,4759.79
1888835997383945625,0.0,0.0,0.0
9113707874707855730,0.0,0.0,0.0
-5629450383144975386,599300.0,59930.0,5993.0
-8539980097565216598,0.0,0.0,0.0
5073086205804196026,0.0,0.0,0.0
-7661797449782468938,1064557.0,106455.7,10645.57
-5499166125595118653,840422.0,84042.2,8404.22
3299339823595541718,786048.0,78604.8,7860.4800000000005
-4486365750219475153,0.0,0.0,0.0
6519853009232436160,577862.0,57786.2,5778.62
-2559790815975661291,79532.0,7953.2,795.3199999999999
-5567828617386970686,0.0,0.0,0.0
-2583735456164706391,432477.0,43247.7,4324.7699999999995
4221857184269688512,1162943.0,116294.3,11629.43
-5217975388291964646,0.0,0.0,0.0
-5217975388291964646,0.0,0.0,0.0
-7409532967365641631,0.0,0.0,0.0
-7409532967365641631,0.0,0.0,0.0
-7409532967365641631,0.0,0.0,0.0
-5217975388291964646,0.0,0.0,0.0
7879047622757313129,0.0,0.0,0.0
4517916304028072610,0.0,0.0,0.0
-1459620692099470440,0.0,0.0,0.0
7879047622757313129,0.0,0.0,0.0
440486344810941567,0.0,0.0,0.0
5138835824774395678,0.0,0.0,0.0
-8966917754276930255,618849.0,61884.9,6188.49
-3446973967121344874,888795.0,88879.5,8887.95
5143746341050780634,824686.0,82468.6,8246.86
-6464310103792810023,806316.0,80631.6,8063.160000000001
2565427307395868216,882318.0,88231.8,8823.18
469812948922433657,824599.0,82459.9,8245.99
7385982849166633524,1189196.0,118919.6,11891.960000000001
4730436865043102426,1095504.0,109550.4,10955.039999999999
-7698432624011905007,751065.0,75106.5,7510.65
-8002097574381097433,0.0,0.0,0.0
6646049570339635669,519004.0,51900.4,5190.04
8558344466786556356,0.0,0.0,0.0
-4877648431547654915,331784.0,33178.4,3317.84
1097597653549150683,451799.0,45179.9,4517.99
2131918788761662760,0.0,0.0,0.0
-1288643413709355805,285724.0,28572.4,2857.2400000000002
1813668730117168948,1206156.0,120615.6,12061.560000000001
5927143489463010987,1233312.0,123331.2,12333.119999999999
-7929167044041697888,1238892.0,123889.2,12388.92
8629846715204173415,737530.0,73753.0,7375.3
-4083023354347341206,474945.0,47494.5,4749.45
-2250360260961317878,479852.0,47985.2,4798.5199999999995
-1930597222149034204,959973.0,95997.3,9599.73
-2650343450706373246,933852.0,93385.2,9338.52
-6050088163445006697,0.0,0.0,0.0
6294472726523378090,1130715.0,113071.5,11307.15
-847857463718674495,783041.0,78304.1,7830.410000000001
-6758794266676628885,725172.0,72517.2,7251.719999999999
5544346027320124362,0.0,0.0,0.0
-3705918181232773242,0.0,0.0,0.0
3262273097514045990,1153188.0,115318.8,11531.880000000001
-117500573328606259,703639.0,70363.9,7036.389999999999
-117500573328606259,610133.0,61013.3,6101.33
-3442010586639371324,856549.0,85654.9,8565.49
5129756590430387773,1558613.0,155861.3,15586.13
-3244528055998552901,1190243.0,119024.3,11902.43
1934248793763687514,910593.0,91059.3,9105.93
3532433015712832209,1055846.0,105584.6,10558.460000000001
-618446809078612274,1214365.0,121436.5,12143.65
1073134572357070426,1105705.0,110570.5,11057.05
-8494262909786540852,861552.0,86155.2,8615.52
4923016927955106159,921937.0,92193.7,9219.369999999999
8529323467288871319,1049502.0,104950.2,10495.02
3563505579120007288,1015274.0,101527.4,10152.74
7481178672422196976,867783.0,86778.3,8677.83
6927530878716569217,2653287.0,265328.7,26532.870000000003
-5160175017880201953,1663300.0,166330.0,16633.0
-6551416938256426416,1733172.0,173317.2,17331.72
6966223242329120926,1860946.0,186094.6,18609.46
-7735369930665389198,2049200.0,204920.0,20492.0
5533407427518008476,6360581.0,636058.1,63605.81
5441091552465470923,3321063.0,332106.3,33210.63
7907934476733453761,1641401.0,164140.1,16414.010000000002
-1229930745933907850,842298.0,84229.8,8422.98
-1543995142654505429,951917.0,95191.7,9519.17
-8265747139580192842,1045890.0,104589.0,10458.9
6491772399940920808,1545045.0,154504.5,15450.45
8214213994020378739,1922341.0,192234.1,19223.41
-5694294826323240876,2244306.0,224430.6,22443.06
-4234060353610376722,0.0,0.0,0.0
7264314195804068643,1625094.0,162509.4,16250.939999999999
473494405322646464,640475.0,64047.5,6404.75
-3287057894044744974,643095.0,64309.5,6430.95
3396089403536997814,513468.0,51346.8,5134.68
-2745934390513610076,2040408.0,204040.8,20404.079999999998
-5158722089381503694,685593.0,68559.3,6855.93
3742258513040412299,1269643.0,126964.3,12696.43
-5873072038436213727,2129565.0,212956.5,21295.65
-1543245567750413540,1380729.0,138072.9,13807.289999999999
6397936610653573240,1384179.0,138417.9,13841.789999999999
6266367091316460462,1161096.0,116109.6,11610.960000000001
4920297914062150398,1682843.0,168284.3,16828.43
3359515810158709172,3295862.0,329586.2,32958.62
-3543892536298808860,1237174.0,123717.4,12371.74
-3996726344867558062,1171462.0,117146.2,11714.619999999999
-8975046077911297896,1205554.0,120555.4,12055.539999999999
-7237778284563599975,954502.0,95450.2,9545.02
1113505445788998771,1511007.0,151100.7,15110.070000000002
-9027696517494863966,2345254.0,234525.4,23452.54
8362453402471754325,1311525.0,131152.5,13115.25
-7551746237279177912,0.0,0.0,0.0
-2595453560418435959,1373714.0,137371.4,13737.14
87126315048530929,1077108.0,107710.8,10771.08
-7102536193538995518,3051927.0,305192.7,30519.27
5381248311024057911,1095444.0,109544.4,10954.439999999999
-8574809150650820974,3442059.0,344205.9,34420.590000000004
2528558097375568143,6148898.0,614889.8,61488.98
-7680021556467688134,3617674.0,361767.4,36176.740000000005
-508660951191328875,0.0,0.0,0.0
3087696528811064192,1788227.0,178822.7,17882.27
1428558334194966727,2877082.0,287708.2,28770.82
-7302406996125780862,3470199.0,347019.9,34701.990000000005
7858943449357260338,2137243.0,213724.3,21372.43
1760581106490941306,0.0,0.0,0.0
-1115189952022899125,0.0,0.0,0.0
-9068071190216917272,816864.0,81686.4,8168.639999999999
3631824136593171729,1852639.0,185263.9,18526.39
-6411672103450618372,3853317.0,385331.7,38533.17
-1029994814739286599,0.0,0.0,0.0
-7953457474942225390,2106725.0,210672.5,21067.25
7447136206694522903,1564758.0,156475.8,15647.579999999998
7665528372347450569,1214202.0,121420.2,12142.02
-8369884828009002002,946139.0,94613.9,9461.39
8481489780539749648,1519271.0,151927.1,15192.710000000001
5016802928990197132,1467102.0,146710.2,14671.02
-8629931160365448976,961705.0,96170.5,9617.05
-8112564862644013808,1388399.0,138839.9,13883.99
2082532768766529547,1356583.0,135658.3,13565.829999999998
-8688054617891623486,1040473.0,104047.3,10404.73
6010131228689305282,1289843.0,128984.3,12898.43
967886858985030782,1088239.0,108823.9,10882.39
3737108412674024124,2405552.0,240555.2,24055.52
7454331711491116467,1307083.0,130708.3,13070.83
2110655419068946613,1474858.0,147485.8,14748.579999999998
-83422966510336511,5241924.0,524192.4,52419.240000000005
1700196558753378515,4471589.0,447158.9,44715.89
5977389775537851437,3184498.0,318449.8,31844.98
-5936254323909054801,3078235.0,307823.5,30782.35
6965185449375546667,0.0,0.0,0.0
-692713515783790733,2264379.0,226437.9,22643.79
7178704719707586067,1226041.0,122604.1,12260.41
5454900477383141565,792507.0,79250.7,7925.07
-3087178497291184800,1525592.0,152559.2,15255.920000000002
2004764735397833498,4142531.0,414253.1,41425.31
5533048998199268648,2244638.0,224463.8,22446.379999999997
-2421545036683639799,2514325.0,251432.5,25143.25
-2205436699859210636,1068892.0,106889.2,10688.92
-4389624846266087399,2008089.0,200808.9,20080.89
8803313611712753919,1609509.0,160950.9,16095.09
107144636519119194,1582477.0,158247.7,15824.77
8041375364317164524,1730524.0,173052.4,17305.239999999998
301236725970145015,2139169.0,213916.9,21391.69
-1374473731030606858,0.0,0.0,0.0
-477581058526685065,2405427.0,240542.7,24054.27
-661329304437804010,2091302.0,209130.2,20913.02
287147503274416750,1422592.0,142259.2,14225.920000000002
4436287201893869924,0.0,0.0,0.0
-1323338997633572597,1787359.0,178735.9,17873.59
-190453710309578584,4358347.0,435834.7,43583.47
8045637004444636856,0.0,0.0,0.0
3182187736120682645,1893015.0,189301.5,18930.15
8880790908630471566,2555787.0,255578.7,25557.870000000003
4462848077687550747,0.0,0.0,0.0
269794328987159974,0.0,0.0,0.0
-6022146191077577107,2093398.0,209339.8,20933.98
6113317939303886594,0.0,0.0,0.0
7636555069963936059,5137306.0,513730.6,51373.06
533431438831546840,2296036.0,229603.6,22960.36
-5670749503105735450,2164894.0,216489.4,21648.94
-2468243895930408885,1369196.0,136919.6,13691.960000000001
-4106468497512480761,2233561.0,223356.1,22335.61
-3814543044702956512,0.0,0.0,0.0
-266325900500588386,796447.0,79644.7,7964.469999999999
-4513328224110863263,1232999.0,123299.9,12329.99
-2793131237382498124,1236931.0,123693.1,12369.310000000001
1552614069012851192,5783518.0,578351.8,57835.18000000001
679110896391169149,5054381.0,505438.1,50543.81
8294492359551472282,0.0,0.0,0.0
350841749717796864,1731083.0,173108.3,17310.829999999998
-3995144096418706113,1557987.0,155798.7,15579.87
7784427791059730638,2536189.0,253618.9,25361.89
8219155783082216322,2466992.0,246699.2,24669.920000000002
2633288628327632418,0.0,0.0,0.0
8748494944757315418,798760.0,79876.0,7987.6
-187931542712375266,1353711.0,135371.1,13537.11
6128983321123298647,994769.0,99476.9,9947.689999999999
-2745705936680851789,1412669.0,141266.9,14126.689999999999
7148115262918731100,6335729.0,633572.9,63357.29
5218019395832343116,0.0,0.0,0.0
1749235459492780103,0.0,0.0,0.0
-2186855031016821652,703245.0,70324.5,7032.45
8321630943433353748,2645571.0,264557.1,26455.71
-7435303592384810613,1757638.0,175763.8,17576.379999999997
7104952473313459003,801986.0,80198.6,8019.860000000001
4907184798510949634,2633406.0,263340.6,26334.059999999998
6285870911874587715,0.0,0.0,0.0
3797642664291074031,774956.0,77495.6,7749.56
-7305325458332706139,1699057.0,169905.7,16990.57
-5505127885775973923,521952.0,52195.2,5219.5199999999995
5302469899767751954,489702.0,48970.2,4897.0199999999995
151896457458956058,4256891.0,425689.1,42568.909999999996
-1576485563972799251,3939704.0,393970.4,39397.04
-4485972060231713316,1848639.0,184863.9,18486.39
-6688303592537460397,0.0,0.0,0.0
-6989857691221535940,1763769.0,176376.9,17637.69
3532432119662251731,923253.0,92325.3,9232.53
-5445685186130907313,1338731.0,133873.1,13387.310000000001
220398861920549779,3548113.0,354811.3,35481.13
-1718499393028815443,946308.0,94630.8,9463.08
5789380638987454197,1850496.0,185049.6,18504.96
-5665098865615518004,1458304.0,145830.4,14583.039999999999
83392469047115429,1316685.0,131668.5,13166.85
3274517424550936504,0.0,0.0,0.0
-2615170247314110751,1360259.0,136025.9,13602.59
-8528790884038565794,1152470.0,115247.0,11524.7
2570333982812902337,1737275.0,173727.5,17372.75
7737328660491110787,1339263.0,133926.3,13392.63
-5904514408321189693,2368959.0,236895.9,23689.59
-5152484793475025709,0.0,0.0,0.0
7975246471181061850,1148717.0,114871.7,11487.17
-2053380549682818907,1072683.0,107268.3,10726.83
7609406240341255079,1842825.0,184282.5,18428.25
7804534013959428263,2200740.0,220074.0,22007.4
-3786180334704505706,4538479.0,453847.9,45384.79
7599809779708148219,4801064.0,480106.4,48010.64
5849271823986618422,1194176.0,119417.6,11941.76
1632627759878567786,526016.0,52601.6,5260.16
-7905504225260004584,1335314.0,133531.4,13353.14
-5702437325940002488,2214864.0,221486.4,22148.64
3467806145229807099,820008.0,82000.8,8200.08
5627657284714038174,1012337.0,101233.7,10123.369999999999
-3292413248534758337,3035294.0,303529.4,30352.940000000002
6483099711390516423,0.0,0.0,0.0
6988744887301613077,3164199.0,316419.9,31641.99
-2825999987692450963,3432539.0,343253.9,34325.39
2386757281980327038,2979053.0,297905.3,29790.53
2608349721029128,0.0,0.0,0.0
4555244875683197525,5993980.0,599398.0,59939.8
2973422479799290158,3938760.0,393876.0,39387.6
1929547804569641467,654108.0,65410.8,6541.08
2491559922141918150,0.0,0.0,0.0
5732396183455696750,601767.0,60176.7,6017.67
5105766617642193286,696884.0,69688.4,6968.839999999999
4412399219620213908,0.0,0.0,0.0
-1063526722786146001,0.0,0.0,0.0
-647944478234589610,7491346.0,749134.6,74913.45999999999
383611684807161601,2142033.0,214203.3,21420.329999999998
2395635402884910292,2945304.0,294530.4,29453.04
-2950497468248314705,0.0,0.0,0.0
441549787822778565,3280105.0,328010.5,32801.05
9051009057495710671,4117479.0,411747.9,41174.79
2734992231525418284,4780619.0,478061.9,47806.19
4053853862869919641,0.0,0.0,0.0
-717773308116507948,1453441.0,145344.1,14534.41
6073520206195862195,7409594.0,740959.4,74095.94
8174174814696513931,3858232.0,385823.2,38582.32
-7572226837872205312,4909246.0,490924.6,49092.46
-3238575803515638836,0.0,0.0,0.0
2643918514196357900,0.0,0.0,0.0
-8388242812135456139,3044155.0,304415.5,30441.55
-1835290501515679790,0.0,0.0,0.0
-2.0556671329555123e+18,0.0,0.0,0.0
-3.673442562261414e+18,0.0,0.0,0.0
-7322583640229532947,0.0,0.0,0.0
5336468477486243668,0.0,0.0,0.0
5641112852957094974,0.0,0.0,0.0
-5956474384870191666,0.0,0.0,0.0
-4590669912721773737,4819857.0,481985.7,48198.57
-1535395509272331496,2939557.0,293955.7,29395.57
-2232857765671084548,0.0,0.0,0.0
-1059637484754268760,0.0,0.0,0.0
3395143919971232590,2323507.0,232350.7,23235.07
141392533539329167,1846975.0,184697.5,18469.75
567014567933726169,0.0,0.0,0.0
5537302090292707835,1698094.0,169809.4,16980.94
-8653276725283150271,2843932.0,284393.2,28439.32
2317714770766851114,3794690.0,379469.0,37946.9
-5102597905510038545,2424851.0,242485.1,24248.510000000002
-8953487776625810495,653075.0,65307.5,6530.75
6392803880500913970,1362265.0,136226.5,13622.65
-8877381342108114388,653416.0,65341.6,6534.16
7113983707583673450,683814.0,68381.4,6838.139999999999
-7837809100484191980,855356.0,85535.6,8553.560000000001
-8361352083332117491,2082610.0,208261.0,20826.1
135294099725707591,766256.0,76625.6,7662.56
-4945052883113058212,889545.0,88954.5,8895.45
8297570658379626976,841962.0,84196.2,8419.619999999999
6949162536631168125,791496.0,79149.6,7914.960000000001
-4055931272680486328,1076194.0,107619.4,10761.939999999999
5609497645833054182,833734.0,83373.4,8337.34
8036443631498007266,0.0,0.0,0.0
-341353186643911318,781767.0,78176.7,7817.67
-6646035392775747368,1080764.0,108076.4,10807.64
-5901720086850075090,880190.0,88019.0,8801.9
-4403997816403041507,1264139.0,126413.9,12641.39
-55673695019738393,1287100.0,128710.0,12871.0
-313099665490281113,736326.0,73632.6,7363.26
7757582603683418794,0.0,0.0,0.0
-5501627827874035378,751795.0,75179.5,7517.95
-114416936061538678,0.0,0.0,0.0
-3661879540668058392,837805.0,83780.5,8378.05
-3906378240614706868,1017298.0,101729.8,10172.98
-824635498433685176,1020427.0,102042.7,10204.27
-824587493112848556,1763829.0,176382.9,17638.29
-608759879130198377,0.0,0.0,0.0
-60267135200522211,0.0,0.0,0.0
-446926913718393221,0.0,0.0,0.0
-5003541606659407371,0.0,0.0,0.0
-8752332780861567493,698463.0,69846.3,6984.63
5802444058496403468,0.0,0.0,0.0
-2033651300068785497,0.0,0.0,0.0
5128023310583602218,1875705.0,187570.5,18757.05
224787757838057503,1796457.0,179645.7,17964.57
2705974796202946662,0.0,0.0,0.0
-3324160309439050923,2367136.0,236713.6,23671.36
2977776347871569303,0.0,0.0,0.0
2781742356230900905,0.0,0.0,0.0
-3822738556669208514,0.0,0.0,0.0
1809725385539225504,3772811.0,377281.1,37728.11
7978672857367209089,2222585.0,222258.5,22225.85
-1136118677038826340,758198.0,75819.8,7581.9800000000005
-2602490689619610341,1700534.0,170053.4,17005.34
-4221098692175306138,0.0,0.0,0.0
-7466830744705441941,488284.0,48828.4,4882.84
7789995738779171935,836252.0,83625.2,8362.52
8579041226077721046,0.0,0.0,0.0
-8802642257737515043,766121.0,76612.1,7661.210000000001
4259134624277669430,538956.0,53895.6,5389.5599999999995
3717206562810886106,1127611.0,112761.1,11276.11
4294428010693962517,346192.0,34619.2,3461.9199999999996
8228339569172359859,0.0,0.0,0.0
9080743753874940442,535915.0,53591.5,5359.15
-5087481108866538004,990110.0,99011.0,9901.1
-3979388678783368895,640415.0,64041.5,6404.15
-458310245418856122,0.0,0.0,0.0
-2786208774772028062,648301.0,64830.1,6483.01
-4461280330436217543,690316.0,69031.6,6903.160000000001
-6757919077908757588,856173.0,85617.3,8561.73
-1424685358194546442,0.0,0.0,0.0
-4582465384353998184,988103.0,98810.3,9881.03
-989112296713644598,749001.0,74900.1,7490.01
-1665291263764548403,154338.0,15433.8,1543.3799999999999
-1833947709222431080,727121.0,72712.1,7271.210000000001
-5665047296153588409,195852.0,19585.2,1958.52
3546204107149393987,0.0,0.0,0.0
6322419956916847649,0.0,0.0,0.0
5968971848002393893,467383.0,46738.3,4673.83
-2949324194863225127,851852.0,85185.2,8518.52
-2368571562217344470,783836.0,78383.6,7838.360000000001
-5346662302657680575,520234.0,52023.4,5202.34
-6937319040145154869,641923.0,64192.3,6419.2300000000005
7.778684256690521e+18,0.0,0.0,0.0
-3.628169009335898e+18,0.0,0.0,0.0
-3835970310642276043,0.0,0.0,0.0
8978968879296833360,802358.0,80235.8,8023.58
-6407006342652315759,766437.0,76643.7,7664.37
8732956177339388421,753802.0,75380.2,7538.0199999999995
2471845613583761744,793979.0,79397.9,7939.789999999999
720400407328436552,412989.0,41298.9,4129.89
7103232493656597648,450559.0,45055.9,4505.59
2503159892142320413,602583.0,60258.3,6025.83
-3044448223988100927,758740.0,75874.0,7587.4
-8600568243419262406,878656.0,87865.6,8786.560000000001
-2586529358013580634,509996.0,50999.6,5099.96
4327370446791800143,0.0,0.0,0.0
-8256617614982065266,1084675.0,108467.5,10846.75
-6398996337468423883,879558.0,87955.8,8795.58
4040466862627806124,648634.0,64863.4,6486.34
1769848874677507169,927714.0,92771.4,9277.14
6495418459565287190,822538.0,82253.8,8225.380000000001
3313334316173063599,1106337.0,110633.7,11063.369999999999
-2165443904985002088,1051089.0,105108.9,10510.89
2413378849872714374,811667.0,81166.7,8116.67
4679258299411936776,807002.0,80700.2,8070.0199999999995
-7832309937019855479,846832.0,84683.2,8468.32
5228596468931860508,2553733.0,255373.3,25537.329999999998
3563072788816220061,1306513.0,130651.3,13065.130000000001
-3723145687485379337,1503352.0,150335.2,15033.52
-1409872573579433886,1444508.0,144450.8,14445.079999999998
267844353813583401,1269669.0,126966.9,12696.689999999999
2302736044604575484,1883909.0,188390.9,18839.09
-8096073968219706891,1857203.0,185720.3,18572.03
1820593416213217271,648944.0,64894.4,6489.4400000000005
5914205273479120178,0.0,0.0,0.0
-6890791964139039162,1753695.0,175369.5,17536.95
3509344386949541027,3094679.0,309467.9,30946.79
2763123718287107494,4101092.0,410109.2,41010.92
-3019866934739436221,1163614.0,116361.4,11636.14
-12622108567346543,5738948.0,573894.8,57389.48
525557275915244423,4811703.0,481170.3,48117.03
3274469839543747343,2827843.0,282784.3,28278.43
7906607472753751,3284703.0,328470.3,32847.03
5301775639191697088,475390.0,47539.0,4753.9
5301775639191697088,595398.0,59539.8,5953.9800000000005
815459206341453046,1978959.0,197895.9,19789.59
-3057590336568368448,1901517.0,190151.7,19015.170000000002
4452725099513245053,1492334.0,149233.4,14923.34
-4993247593826310395,1597920.0,159792.0,15979.2
-5224831148967546710,815550.0,81555.0,8155.5
-6045089931527973965,0.0,0.0,0.0
-6167329760716277882,881001.0,88100.1,8810.01
-8752587658148828352,1025108.0,102510.8,10251.08
-4787618688819034253,932302.0,93230.2,9323.02
-5192960195578997613,1031551.0,103155.1,10315.51
-7530336731373681263,1164602.0,116460.2,11646.02
-7775949283601543329,1375902.0,137590.2,13759.02
-4149178072710920820,1553211.0,155321.1,15532.11
2672857289384511142,1630430.0,163043.0,16304.3
2289124519065490899,2375038.0,237503.8,23750.379999999997
-5615118185772576991,1028488.0,102848.8,10284.880000000001
-8424292045826561564,1632871.0,163287.1,16328.710000000001
4341540107419792063,1924172.0,192417.2,19241.72
-6757440955540432903,1355412.0,135541.2,13554.12
-6516722308542773696,1501114.0,150111.4,15011.14
648147169656255252,2127487.0,212748.7,21274.870000000003
4803819799940145639,1228617.0,122861.7,12286.17
-6205081835454729562,1405193.0,140519.3,14051.929999999998
-4272248965145221775,0.0,0.0,0.0
-2247129022379723347,512712.0,51271.2,5127.12
356133767152756856,1020714.0,102071.4,10207.14
-6219952541617447420,2650338.0,265033.8,26503.379999999997
8036800775902400782,8840191.0,884019.1,88401.91
-5307746122148450838,974540.0,97454.0,9745.4
-5781638884493541869,816185.0,81618.5,8161.85
-1274159911315730556,2772480.0,277248.0,27724.8
-9177535519808042164,616401.0,61640.1,6164.01
-2753647786516946021,780718.0,78071.8,7807.18
3107717474971882795,2200257.0,220025.7,22002.57
-5905067507489268067,1817500.0,181750.0,18175.0
2959716335057720344,6436398.0,643639.8,64363.98
4081528164106311393,1944895.0,194489.5,19448.95
3842034895248545549,2010964.0,201096.4,20109.64
5315931301260974822,2151541.0,215154.1,21515.41
-3613443836237410223,1541864.0,154186.4,15418.64
-3352622980048663841,0.0,0.0,0.0
-179976962212255291,837673.0,83767.3,8376.73
,0.0,0.0,0.0
2552612037750700427,989334.0,98933.4,9893.34
5665839502810618258,1620071.0,162007.1,16200.710000000001
-2107426430494053580,1104615.0,110461.5,11046.15
-5680614678128519497,1524985.0,152498.5,15249.85
-5718654745458175542,1352094.0,135209.4,13520.939999999999
-8621701989644709217,1689800.0,168980.0,16898.0
-1858193943259457579,1076297.0,107629.7,10762.97
5462214372701017428,885286.0,88528.6,8852.86
3703577257143764626,714563.0,71456.3,7145.63
-6475311280052809018,564051.0,56405.1,5640.51
-8766846090312676043,768674.0,76867.4,7686.74
8508351339571844781,852580.0,85258.0,8525.8
-380929383664051744,0.0,0.0,0.0
1375175269225775166,0.0,0.0,0.0
-6758594363826256746,1532088.0,153208.8,15320.88
-8403020147500270994,1588899.0,158889.9,15888.99
9031679500741893025,407845.0,40784.5,4078.45
2428984226075496983,2138297.0,213829.7,21382.97
-7838770341183621376,989990.0,98999.0,9899.9
-7928716354480470871,474464.0,47446.4,4744.64
-5658119012856184962,587873.0,58787.3,5878.7300000000005
3380730821969995876,0.0,0.0,0.0
-1362674433154631604,0.0,0.0,0.0
2742658484640213071,2646873.0,264687.3,26468.73
-3620237826408696528,2689883.0,268988.3,26898.829999999998
-3811984662706847385,1281732.0,128173.2,12817.32
-5221823994465978751,738789.0,73878.9,7387.889999999999
-6713745771304840919,1388489.0,138848.9,13884.89
-545361352375008405,2191012.0,219101.2,21910.120000000003
-8740186446845717632,3577986.0,357798.6,35779.86
-9057314012822597374,3427499.0,342749.9,34274.990000000005
8180019852888647390,1938997.0,193899.7,19389.97
-6591916471777271966,1287013.0,128701.3,12870.130000000001
1488829004490214024,2208025.0,220802.5,22080.25
698487403475641940,1207127.0,120712.7,12071.27
-7071335961479057422,611160.0,61116.0,6111.6
-8471485695706250138,1687847.0,168784.7,16878.47
4583340841937387811,1253877.0,125387.7,12538.77
-3683796586460078508,1442109.0,144210.9,14421.09
196372043091297264,0.0,0.0,0.0
1954433408389113521,0.0,0.0,0.0
-8197971422740960383,1058735.0,105873.5,10587.35
-3187128781939332247,1411865.0,141186.5,14118.65
7277856913925115056,0.0,0.0,0.0
5897108402603874754,953042.0,95304.2,9530.42
1292488935073305142,0.0,0.0,0.0
-8253991991643802003,574669.0,57466.9,5746.6900000000005
-552212436288147585,484475.0,48447.5,4844.75
1279729098957539530,2367785.0,236778.5,23677.85
-6550399587193208573,538943.0,53894.3,5389.43
-9013088906967793404,0.0,0.0,0.0
-850235719989509384,668484.0,66848.4,6684.839999999999
-6507729023879643683,726404.0,72640.4,7264.039999999999
6137641773729130237,3230107.0,323010.7,32301.07
5910605312132033439,1888523.0,188852.3,18885.23
2.7034393958039624e+18,0.0,0.0,0.0
3619035007599028969,2794052.0,279405.2,27940.52
4760962771167639654,8361085.0,836108.5,83610.85
635379847879258138,3083339.0,308333.9,30833.390000000003
-3070270702532260696,990985.0,99098.5,9909.85
-5831378626904291740,0.0,0.0,0.0
-8296231402501650527,0.0,0.0,0.0
2083722450350973479,0.0,0.0,0.0
3242070115354683110,2631831.0,263183.1,26318.309999999998
6056260255608493049,1002720.0,100272.0,10027.2
2206937075310486395,0.0,0.0,0.0
-2470176653926712708,2156395.0,215639.5,21563.95
-8556601097863565294,3400216.0,340021.6,34002.159999999996
8481298506549782804,3782133.0,378213.3,37821.33
43987453210042638,1675157.0,167515.7,16751.57
-4575441758872061279,3914918.0,391491.8,39149.18
-109540997239115315,3033257.0,303325.7,30332.57
7036433380926828348,0.0,0.0,0.0
5475371543612159219,0.0,0.0,0.0
7806142919235810837,3076746.0,307674.6,30767.46
-997900513105213821,2155338.0,215533.8,21553.379999999997
9106937634505754804,1525967.0,152596.7,15259.670000000002
1415399725633680986,1752297.0,175229.7,17522.97
-8661366403002173827,2992658.0,299265.8,29926.579999999998
-8197523881336512236,1008524.0,100852.4,10085.24
3478791008486960197,1276535.0,127653.5,12765.35
-3983082094509801376,977633.0,97763.3,9776.33
2196793764254380522,1890899.0,189089.9,18908.989999999998
-6118129763457088787,1429324.0,142932.4,14293.24
-3544528338569498233,1449152.0,144915.2,14491.52
-1933608091700130934,2154663.0,215466.3,21546.629999999997
2774716688592694742,1422615.0,142261.5,14226.15
4967225333439532530,1880229.0,188022.9,18802.29
8638281050817820493,651897.0,65189.7,6518.969999999999
-5148892135035125372,879216.0,87921.6,8792.16
-4217592253661040442,1301877.0,130187.7,13018.77
179200224046261671,692677.0,69267.7,6926.7699999999995
5701812510763826282,916045.0,91604.5,9160.45
-2994914545332107587,1580043.0,158004.3,15800.429999999998
