PROPERTY_ID,ESTIMATED_VALUE,LISTED_PRICE,SOLD_PRICE,STREET_ADDRESS,CITY,STATE,ZIP,stock_price
4111190226408111999,1156227.0,1156227.0,1133102.46,8351 KENTLAND AVE,WEST HILLS,CA,91304,115.6227
-9215308295114719187,1127727.0,1127727.0,1105172.46,8477 FARRALONE AVE,WEST HILLS,CA,91304,112.7727
6557802472859277868,804834.0,804834.0,788737.32,22151 INGOMAR ST,CANOGA PARK,CA,91304,80.4834
-1266847334670540195,2651657.0,2651657.0,2598623.86,9253 ROCKY MESA PL,WEST HILLS,CA,91304,265.1657
2714414837550763623,1320163.0,1320163.0,1293759.74,23300 INGOMAR ST,CANOGA PARK,CA,91304,132.0163
-1869115282578351499,1323265.0,1323265.0,1296799.7,23610 JUSTICE ST,WEST HILLS,CA,91304,132.3265
5607864022516246540,860235.0,860235.0,843030.2999999999,23016 SATICOY ST,CANOGA PARK,CA,91304,86.0235
-992741105080461428,890146.0,890146.0,872343.08,7401 CAPISTRANO AVE,WEST HILLS,CA,91307,89.0146
-8862690596078235217,866834.0,866834.0,849497.32,22309 LEADWELL ST,CANOGA PARK,CA,91303,86.6834
8301762579398914535,811406.0,811406.0,795177.88,22312 LEADWELL ST,CANOGA PARK,CA,91303,81.1406
-1084091314688742513,775561.0,775561.0,760049.78,22241 WYANDOTTE ST,CANOGA PARK,CA,91303,77.5561
1374185482411826227,1079521.0,1079521.0,1057930.58,23507 FRIAR ST,WOODLAND HILLS,CA,91367,107.9521
4462013482116015118,893235.0,893235.0,875370.2999999999,6338 JACKIE AVE,WOODLAND HILLS,CA,91367,89.3235
4060062132695779645,1111314.0,1111314.0,1089087.72,23244 FRIAR ST,WOODLAND HILLS,CA,91367,111.1314
9004054215468564888,1645072.0,1645072.0,1612170.56,6018 FENWOOD AVE,WOODLAND HILLS,CA,91367,164.5072
-1192620038397934329,1030878.0,1030878.0,1010260.44,23032 MOBILE ST,WEST HILLS,CA,91307,103.0878
-3292701340398773392,1275644.0,1275644.0,1250131.1199999999,22548 VICTORY BLVD,WOODLAND HILLS,CA,91367,127.5644
-4613318972378545147,1075938.0,1075938.0,1054419.24,22532 DOLOROSA ST,WOODLAND HILLS,CA,91367,107.5938
5700040541860768932,1236419.0,1236419.0,1211690.6199999999,5607 ROYER AVE,WOODLAND HILLS,CA,91367,123.6419
-2034667434188739404,1050100.0,1050100.0,1029098.0,23635 MARYLEE ST,WOODLAND HILLS,CA,91367,105.01
4518181905105894039,1132346.0,1132346.0,1109699.08,6131 LOCKHURST DR,WOODLAND HILLS,CA,91367,113.2346
-5268904233394897868,1304598.0,1304598.0,1278506.04,5642 RAMARA AVE,WOODLAND HILLS,CA,91367,130.4598
7166459983633904874,2145466.0,2145466.0,2102556.68,23757 CANZONET ST,WOODLAND HILLS,CA,91367,214.5466
3924750237690333403,1513443.0,1513443.0,1483174.14,5453 LOCKHURST DR,WOODLAND HILLS,CA,91367,151.3443
-7160364898417515027,4814179.0,4814179.0,4717895.42,5497 AMBER CIR,CALABASAS,CA,91302,481.4179
-8666871738039085224,1711485.0,1711485.0,1677255.3,6228 WATERTREE CT,AGOURA HILLS,CA,91301,171.1485
-9060839914379621963,1169412.0,1169412.0,1146023.76,26232 HATMOR DR,CALABASAS,CA,91302,116.9412
9048504446514960999,1690607.0,1690607.0,1656794.8599999999,26969 HELMOND DR,CALABASAS,CA,91301,169.0607
1688996896301684584,757482.0,757482.0,742332.36,26322 W PLATA LN,CALABASAS,CA,91302,75.7482
-6817056965724502199,1074301.0,1074301.0,1052814.98,5665 MEADOW VISTA WAY,AGOURA HILLS,CA,91301,107.4301
8174736620118941184,1962867.0,1962867.0,1923609.66,5560 FAIRVIEW PL,AGOURA HILLS,CA,91301,196.2867
-3172963013202612231,1892085.0,1892085.0,1854243.3,5781 GREEN MEADOW DR,AGOURA HILLS,CA,91301,189.2085
-6362118611531340859,1888978.0,1888978.0,1851198.44,5762 HEMPSTEAD DR,AGOURA HILLS,CA,91301,188.8978
-6647630291237709079,3702609.0,3702609.0,3628556.82,31441 GLENBRIDGE RD,WESTLAKE VILLAGE,CA,91361,370.2609
4111782727948262330,1655706.0,1655706.0,1622591.88,32134 BEACHLAKE LN,WESTLAKE VILLAGE,CA,91361,165.5706
-6431576468101594597,827502.0,827502.0,810951.96,3301 JONQUILFIELD RD,WESTLAKE VILLAGE,CA,91361,82.7502
-3007762000555674752,2169170.0,2169170.0,2125786.6,32704 WELLBROOK DR,WESTLAKE VILLAGE,CA,91361,216.917
651724417037501372,2213558.0,2213558.0,2169286.84,32711 WELLBROOK DR,WESTLAKE VILLAGE,CA,91361,221.3558
6825120051789209009,1909421.0,1909421.0,1871232.58,4418 GUILDHALL CT,WESTLAKE VILLAGE,CA,91361,190.9421
-7882958039124628111,1370568.0,1370568.0,1343156.64,4528 GUILDHALL CT,WESTLAKE VILLAGE,CA,91361,137.0568
-8861758112463129375,1307241.0,1307241.0,1281096.18,3652 EL ENCANTO DR,CALABASAS,CA,91302,130.7241
-5515232526262770731,2594710.0,2594710.0,2542815.8,3910 LEIGHTON POINT RD,CALABASAS,CA,91301,259.471
7131296675366188395,453485.0,453485.0,444415.3,27472 COUNTRY GLEN RD,AGOURA HILLS,CA,91301,45.3485
568104214176133709,1230421.0,1230421.0,1205812.58,4017 COTTONWOOD GROVE TRL,CALABASAS,CA,91301,123.0421
9118605781212340221,1629584.0,1629584.0,1596992.32,4272 VIA MIRA MONTE,CALABASAS,CA,91301,162.9584
7932982714852952984,1402210.0,1402210.0,1374165.8,23024 PARK SORRENTO,CALABASAS,CA,91302,140.221
2861667720322896262,1697058.0,1697058.0,1663116.84,4541 CAMINO DEL SOL,CALABASAS,CA,91302,169.7058
2547982594644342621,1577626.0,1577626.0,1546073.48,3658 REINA CT,CALABASAS,CA,91302,157.7626
7757601539145238933,1083857.0,1083857.0,1062179.8599999999,3547 PANSY DR,CALABASAS,CA,91302,108.3857
-1130639545155700756,1312218.0,1312218.0,1285973.64,23684 VALLEY VIEW RD,CALABASAS,CA,91302,131.2218
-6329032153841175665,1393056.0,1393056.0,1365194.88,4745 DEGOVIA AVE,WOODLAND HILLS,CA,91364,139.3056
7087067467166494342,697248.0,697248.0,683303.04,17955 CANTARA ST,RESEDA,CA,91335,69.7248
3868430359517306232,778362.0,778362.0,762794.76,7938 LINDLEY AVE,RESEDA,CA,91335,77.8362
-7373724014469665555,577920.0,577920.0,566361.6,8008 AURA AVE,RESEDA,CA,91335,57.792
604576721888507108,907125.0,907125.0,888982.5,8026 WINNETKA AVE,WINNETKA,CA,91306,90.7125
-954579563482866044,299594.0,299594.0,293602.12,"20234 CANTARA ST, Unit 115",WINNETKA,CA,91306,29.9594
-5493878204255529310,896129.0,896129.0,878206.42,7752 MASON AVE,WINNETKA,CA,91306,89.6129
,0.0,0.0,0.0,,CANOGA PARK,CA,91304,0.0
2226039770672135526,442665.0,442665.0,433811.7,"7640 OSO AVE, Unit 219",WINNETKA,CA,91306,44.2665
6993512988674331011,447898.0,447898.0,438940.04,"20246 COHASSET ST, Unit 4",WINNETKA,CA,91306,44.7898
-2790725818118512739,626417.0,626417.0,613888.66,"18347 SATICOY ST, Unit 4",RESEDA,CA,91335,62.6417
-512380699994660110,0.0,0.0,0.0,7515 CANBY AVE,RESEDA,CA,91335,0.0
-1171312375649200655,842451.0,842451.0,825601.98,7228 JAMIESON AVE,RESEDA,CA,91335,84.2451
-6027618592950963202,750804.0,750804.0,735787.92,6954 BALCOM AVE,RESEDA,CA,91335,75.0804
-3535189657223531823,822256.0,822256.0,805810.88,6911 NEWCASTLE AVE,RESEDA,CA,91335,82.2256
-7414020088677831556,944014.0,944014.0,925133.72,6655 BALCOM AVE,RESEDA,CA,91335,94.4014
-1801355723797094202,1463885.0,1463885.0,1434607.3,6837 YOLANDA AVE,RESEDA,CA,91335,146.3885
-1154369685865444035,729365.0,729365.0,714777.7,18737 VANOWEN ST,RESEDA,CA,91335,72.9365
3660422759624635153,903308.0,903308.0,885241.84,6528 AMIGO AVE,RESEDA,CA,91335,90.3308
-8175261518552631365,638801.0,638801.0,626024.98,"19142 HAYNES ST, Unit 9",RESEDA,CA,91335,63.8801
5338305372321934892,790193.0,790193.0,774389.14,6615 SYLVIA AVE,RESEDA,CA,91335,79.0193
5962895567652999963,808579.0,808579.0,792407.42,20243 BASSETT ST,WINNETKA,CA,91306,80.8579
7854037706001872879,939998.0,939998.0,921198.04,6501 RANDI AVE,WOODLAND HILLS,CA,91303,93.9998
-1835302035407596104,800256.0,800256.0,784250.88,22277 1/2 ERWIN ST,WOODLAND HILLS,CA,91367,80.0256
5866906648940745160,1211087.0,1211087.0,1186865.26,5834 MCDONIE AVE,WOODLAND HILLS,CA,91367,121.1087
-3143712705215161585,1746024.0,1746024.0,1711103.52,5939 CAHILL AVE,TARZANA,CA,91356,174.6024
2254048378482639599,652060.0,652060.0,639018.8,"18550 HATTERAS ST, Unit 48",TARZANA,CA,91356,65.206
3477090491784136626,0.0,0.0,0.0,5130 YARMOUTH AVE,ENCINO,CA,91316,0.0
1757812554370472401,0.0,0.0,0.0,"17711 MARGATE ST, Unit 107",ENCINO,CA,91316,0.0
1717157960559248399,2319454.0,2319454.0,2273064.92,20208 DELITA DR,WOODLAND HILLS,CA,91364,231.9454
2742913821606758130,1034781.0,1034781.0,1014085.38,21506 VELICATA ST,WOODLAND HILLS,CA,91364,103.4781
-3713709803705653532,1928121.0,1928121.0,1889558.58,21515 ARCOS DR,WOODLAND HILLS,CA,91364,192.8121
-3286630580481659107,973601.0,973601.0,954128.98,21935 YBARRA RD,WOODLAND HILLS,CA,91364,97.3601
-7599679866426366315,2362077.0,2362077.0,2314835.46,4739 RONMAR PL,WOODLAND HILLS,CA,91364,236.2077
-845135838687903734,3726461.0,3726461.0,3651931.78,19218 WELLS DR,TARZANA,CA,91356,372.6461
-6377385083317358315,2062082.0,2062082.0,2020840.3599999999,17719 ROYCE DR W,ENCINO,CA,91316,206.2082
7652883918698123271,1283513.0,1283513.0,1257842.74,5052 NEWCASTLE AVE,ENCINO,CA,91316,128.3513
-3649240973764480130,2769119.0,2769119.0,2713736.62,18085 KAREN DR,ENCINO,CA,91316,276.9119
5394382920366980145,3297889.0,3297889.0,3231931.2199999997,4330 GRIMES PL,ENCINO,CA,91316,329.7889
6411183640042012650,1068480.0,1068480.0,1047110.4,4324 TORREON DR,WOODLAND HILLS,CA,91364,106.848
-4454845652341218772,1148830.0,1148830.0,1125853.4,4404 SAN BLAS AVE,WOODLAND HILLS,CA,91364,114.883
410220175336725198,880573.0,880573.0,862961.54,17048 BALTAR ST,VAN NUYS,CA,91406,88.0573
-659771000285427136,988884.0,988884.0,969106.32,7512 WOODLEY AVE,VAN NUYS,CA,91406,98.8884
5938833292944023817,718764.0,718764.0,704388.72,13727 LEADWELL ST,VAN NUYS,CA,91405,71.8764
3608373409212105249,428923.0,428923.0,420344.54,"7320 LENNOX AVE, Unit E3",VAN NUYS,CA,91405,42.8923
-6690046847192816891,712052.0,712052.0,697810.96,14689 1/2 SHERMAN WAY,VAN NUYS,CA,91405,71.2052
-2997128456739657963,654893.0,654893.0,641795.14,"7061 KESTER AVE, Unit H",VAN NUYS,CA,91405,65.4893
4491313672866448349,1159828.0,1159828.0,1136631.44,6960 VALJEAN AVE,VAN NUYS,CA,91406,115.9828
-8887051394590078316,867739.0,867739.0,850384.22,15731 MARLIN PL,VAN NUYS,CA,91406,86.7739
-6.08030259193714e+18,0.0,0.0,0.0,809 W Kingman Drive,VAN NUYS,CA,91406,0.0
-4695981230374423626,1048180.0,1048180.0,1027216.4,7255 DE CELIS PL,VAN NUYS,CA,91406,104.818
-3664042292769434002,498837.0,498837.0,488860.26,"7255 BALBOA BLVD, Unit 20",VAN NUYS,CA,91406,49.8837
5940565187187811499,702530.0,702530.0,688479.4,7307 OAK PARK AVE,VAN NUYS,CA,91406,70.253
-9223075358169754586,905063.0,905063.0,886961.74,7112 TEXHOMA AVE,VAN NUYS,CA,91406,90.5063
681813806187360007,998070.0,998070.0,978108.6,6924 CHISHOLM AVE,VAN NUYS,CA,91406,99.807
-1852892802869011138,1436272.0,1436272.0,1407546.56,14222 SYLVAN ST,VAN NUYS,CA,91401,143.6272
1472208961093448262,1125591.0,1125591.0,1103079.18,5738 TOBIAS AVE,VAN NUYS,CA,91411,112.5591
6223339942204855256,1620867.0,1620867.0,1588449.66,5446 TYRONE AVE,SHERMAN OAKS,CA,91401,162.0867
1110545510145377317,1550580.0,1550580.0,1519568.4,5427 LEMONA AVE,SHERMAN OAKS,CA,91411,155.058
6941508146010028137,1847870.0,1847870.0,1810912.5999999999,17429 HATTERAS ST,ENCINO,CA,91316,184.787
1938372325929551415,2679958.0,2679958.0,2626358.84,17400 OAK CREEK CT,ENCINO,CA,91316,267.9958
8776590829351850315,261668.0,261668.0,256434.63999999998,"5460 WHITE OAK AVE, Unit E211",ENCINO,CA,91316,26.1668
-368109217126810666,5078639.0,5078639.0,4977066.22,5255 AMESTOY AVE,ENCINO,CA,91316,507.8639
-348220388493958974,0.0,0.0,0.0,4952 HASKELL AVE,ENCINO,CA,91436,0.0
-6364383114868713733,1283294.0,1283294.0,1257628.1199999999,15609 HUSTON ST,ENCINO,CA,91436,128.3294
2799495015159278894,1310826.0,1310826.0,1284609.48,4712 HALBRENT AVE,SHERMAN OAKS,CA,91403,131.0826
-7065101279720653012,611862.0,611862.0,599624.76,"4647 WILLIS AVE, Unit 207",SHERMAN OAKS,CA,91403,61.1862
-4405156984937147418,700316.0,700316.0,686309.6799999999,"4630 WILLIS AVE, Unit 110",SHERMAN OAKS,CA,91403,70.0316
4995939500632747443,749956.0,749956.0,734956.88,"14115 MOORPARK ST, Unit 112",SHERMAN OAKS,CA,91423,74.9956
-6391817335046432246,588193.0,588193.0,576429.14,"5009 WOODMAN AVE, Unit 112",SHERMAN OAKS,CA,91423,58.8193
-5439967634338584347,6370335.0,6370335.0,6242928.3,4421 MURIETTA AVE,SHERMAN OAKS,CA,91423,637.0335
5264914533132643935,1315126.0,1315126.0,1288823.48,4112 KNOBHILL DR,SHERMAN OAKS,CA,91403,131.5126
7274197175303291994,1210103.0,1210103.0,1185900.94,15200 DEL GADO DR,SHERMAN OAKS,CA,91403,121.0103
-2901475375779309812,0.0,0.0,0.0,4020 HOPEVALE DR,SHERMAN OAKS,CA,91403,0.0
3258775462779588134,2777829.0,2777829.0,2722272.42,4216 WOODCLIFF RD,SHERMAN OAKS,CA,91403,277.7829
-1242178506339484934,2004700.0,2004700.0,1964606.0,4219 SAUGUS AVE,SHERMAN OAKS,CA,91403,200.47
-1343711129868239768,2519814.0,2519814.0,2469417.7199999997,4485 WOODLEY AVE,ENCINO,CA,91436,251.9814
1950041923164681592,2527794.0,2527794.0,2477238.12,4495 LIBBIT AVE,ENCINO,CA,91436,252.7794
-2973296697432121431,3677196.0,3677196.0,3603652.08,15604 VANDORF PL,ENCINO,CA,91436,367.7196
-5668069676140643213,0.0,0.0,0.0,3928 HAYVENHURST DR,ENCINO,CA,91436,0.0
-4465571541499763948,1272963.0,1272963.0,1247503.74,"4719 PARK ENCINO LN, Unit 132",ENCINO,CA,91436,127.2963
-6896333824841063738,1018518.0,1018518.0,998147.64,8064 CROSNOE AVE,PANORAMA CITY,CA,91402,101.8518
118210518472165143,906462.0,906462.0,888332.76,13352 BLYTHE ST,NORTH HOLLYWOOD,CA,91605,90.6462
-2189842929911433350,914272.0,914272.0,895986.5599999999,7960 ETHEL AVE,NORTH HOLLYWOOD,CA,91605,91.4272
3101285241334969626,358688.0,358688.0,351514.24,"7904 LAUREL CANYON BLVD, Unit 3",NORTH HOLLYWOOD,CA,91605,35.8688
-5253327298846526146,0.0,0.0,0.0,11147 SHERMAN WAY,SUN VALLEY,CA,91352,0.0
-3850429089452392541,2400074.0,2400074.0,2352072.52,7443 TROOST AVE,NORTH HOLLYWOOD,CA,91605,240.0074
3116774761789183666,894398.0,894398.0,876510.04,7223 KRAFT AVE,NORTH HOLLYWOOD,CA,91605,89.4398
-4746829078733048894,1988351.0,1988351.0,1948583.98,11966 RUNNYMEDE ST,NORTH HOLLYWOOD,CA,91605,198.8351
5212168962385239780,1344599.0,1344599.0,1317707.02,6709 LEMP AVE,NORTH HOLLYWOOD,CA,91606,134.4599
-918452293536653787,483454.0,483454.0,473784.92,"11725 LEMAY ST, Unit 1",NORTH HOLLYWOOD,CA,91606,48.3454
6151749720627845322,0.0,0.0,0.0,11840 KITTRIDGE ST,NORTH HOLLYWOOD,CA,91606,0.0
2279449676368457713,948869.0,948869.0,929891.62,7106 TEESDALE AVE,NORTH HOLLYWOOD,CA,91605,94.8869
9062468559074262524,0.0,0.0,0.0,7001 ETHEL AVE,NORTH HOLLYWOOD,CA,91605,0.0
-211778283412484913,966669.0,966669.0,947335.62,6336 BEEMAN AVE,NORTH HOLLYWOOD,CA,91606,96.6669
-3131682627044547520,758795.0,758795.0,743619.1,"11848 ERWIN ST, Unit 7",NORTH HOLLYWOOD,CA,91606,75.8795
-1014173529905885288,883569.0,883569.0,865897.62,11159 LAUGHLIN LN,NORTH HOLLYWOOD,CA,91606,88.3569
-635565739365224921,994156.0,994156.0,974272.88,5625 SAINT CLAIR AVE,VALLEY VILLAGE,CA,91607,99.4156
-6616339289757346010,1300452.0,1300452.0,1274442.96,12517 CALIFA ST,VALLEY VILLAGE,CA,91607,130.0452
-8767279636431404703,1646664.0,1646664.0,1613730.72,13100 ALBERS ST,SHERMAN OAKS,CA,91401,164.6664
-4417054789188425120,1309697.0,1309697.0,1283503.06,"5258 HERMITAGE AVE, Unit 101",VALLEY VILLAGE,CA,91607,130.9697
1819824209338375420,780914.0,780914.0,765295.72,"4805 BELLFLOWER AVE, Unit 205",NORTH HOLLYWOOD,CA,91601,78.0914
-6329009915044809227,4496700.0,4496700.0,4406766.0,11621 HESBY ST,NORTH HOLLYWOOD,CA,91601,449.67
5411121907716619182,1679809.0,1679809.0,1646212.82,5105 WESTPARK DR,NORTH HOLLYWOOD,CA,91601,167.9809
7310697511809593621,2288211.0,2288211.0,2242446.78,12223 OTSEGO ST,VALLEY VILLAGE,CA,91607,228.8211
1456414896623992777,1718281.0,1718281.0,1683915.38,13114 ADDISON ST,SHERMAN OAKS,CA,91423,171.8281
-8606376755709310864,732072.0,732072.0,717430.5599999999,"13331 MOORPARK ST, Unit 109",SHERMAN OAKS,CA,91423,73.2072
6397101707105773912,2099853.0,2099853.0,2057855.94,4117 BAKMAN AVE,NORTH HOLLYWOOD,CA,91602,209.9853
-5220436856192939331,3375305.0,3375305.0,3307798.9,4218 SHADYGLADE AVE,STUDIO CITY,CA,91604,337.5305
-1805418698996594328,864443.0,864443.0,847154.14,"12030 VALLEYHEART DR, Unit 204",STUDIO CITY,CA,91604,86.4443
-7124137740196699733,910926.0,910926.0,892707.48,"4207 COLFAX AVE, Unit C",STUDIO CITY,CA,91604,91.0926
-4890693252486904072,2341036.0,2341036.0,2294215.28,4167 FULTON AVE,SHERMAN OAKS,CA,91423,234.1036
-2793417351455240009,2356906.0,2356906.0,2309767.88,13046 WOODBRIDGE ST,STUDIO CITY,CA,91604,235.6906
3668497493278502938,1496474.0,1496474.0,1466544.52,3527 LAUREL CANYON BLVD,STUDIO CITY,CA,91604,149.6474
8982662145230974867,2938684.0,2938684.0,2879910.32,11630 AMANDA DR,STUDIO CITY,CA,91604,293.8684
-6173132262321128741,1546788.0,1546788.0,1515852.24,3852 EUREKA DR,STUDIO CITY,CA,91604,154.6788
8.931099130332147e+17,0.0,0.0,0.0,12459 W Benito Drive,STUDIO CITY,CA,91604,0.0
-442218835965742237,0.0,0.0,0.0,11400 SUNSHINE TER,STUDIO CITY,CA,91604,0.0
-6317826389598357309,1800494.0,1800494.0,1764484.1199999999,7768 SKYHILL DR,LOS ANGELES,CA,90068,180.0494
-5354853767378667426,2646319.0,2646319.0,2593392.62,11400 DONA PEGITA DR,STUDIO CITY,CA,91604,264.6319
8614673836784328969,2073859.0,2073859.0,2032381.82,12821 HALKIRK ST,STUDIO CITY,CA,91604,207.3859
-8810918456658481983,2401101.0,2401101.0,2353078.98,3739 VENTURA CANYON AVE,SHERMAN OAKS,CA,91423,240.1101
-4229998734553609974,2311636.0,2311636.0,2265403.28,9916 EDMORE PL,SUN VALLEY,CA,91352,231.1636
1740476502145402351,933730.0,933730.0,915055.4,2228 N VALLEY ST,BURBANK,CA,91505,93.373
4251461302710129641,917255.0,917255.0,898909.9,10420 TIARA ST,NORTH HOLLYWOOD,CA,91601,91.7255
-3000604991826997107,0.0,0.0,0.0,4624 CAHUENGA BLVD,TOLUCA LAKE,CA,91602,0.0
8440833668296742183,723773.0,723773.0,709297.54,"10604 VALLEY SPRING LN, Unit 104",NORTH HOLLYWOOD,CA,91602,72.3773
-2457747838927914119,2112577.0,2112577.0,2070325.46,6844 CAHUENGA PARK TRL,LOS ANGELES,CA,90068,211.2577
2353161676125802044,1131020.0,1131020.0,1108399.6,1741 N ROSE ST,BURBANK,CA,91505,113.102
7062121178039224506,1211458.0,1211458.0,1187228.84,1442 N ROSE ST,BURBANK,CA,91505,121.1458
-4968093163938957139,1617507.0,1617507.0,1585156.8599999999,400 S LAMER ST,BURBANK,CA,91506,161.7507
-2525791179768530672,1136227.0,1136227.0,1113502.46,427 S MARIPOSA ST,BURBANK,CA,91506,113.6227
-5298427603209176161,938738.0,938738.0,919963.24,"201 E ANGELENO AVE, Unit 104",BURBANK,CA,91502,93.8738
2606979203744054185,663303.0,663303.0,650036.94,"231 BETHANY RD, Unit 202",BURBANK,CA,91504,66.3303
-8210877432033678121,0.0,0.0,0.0,1635 N SAN FERNANDO BLVD,BURBANK,CA,91504,0.0
-4323420388998753771,700813.0,700813.0,686796.74,"1711 GRISMER AVE, Unit 33",BURBANK,CA,91504,70.0813
-4323420388998753771,715726.0,715726.0,701411.48,"1711 GRISMER AVE, Unit 79",BURBANK,CA,91504,71.5726
5925108109211956465,1355127.0,1355127.0,1328024.46,427 STANFORD RD,BURBANK,CA,91504,135.5127
-3252484303595945661,1622776.0,1622776.0,1590320.48,1024 E WALNUT AVE,BURBANK,CA,91501,162.2776
6234485114114413149,1744985.0,1744985.0,1710085.3,721 N BEL AIRE DR,BURBANK,CA,91501,174.4985
-2448818965581746954,1291678.0,1291678.0,1265844.44,2617 N PARISH PL,BURBANK,CA,91504,129.1678
8550415893936922744,1588953.0,1588953.0,1557173.94,2411 N LAMER ST,BURBANK,CA,91504,158.8953
-1299163399111973968,1238726.0,1238726.0,1213951.48,1234 N ONTARIO ST,BURBANK,CA,91505,123.8726
8390986115495893659,0.0,0.0,0.0,711 N HOLLYWOOD WAY,BURBANK,CA,91505,0.0
-1.7588005982093053e+18,0.0,0.0,0.0,18133 N Crestview Lane,BURBANK,CA,91505,0.0
4208143546787985404,811222.0,811222.0,794997.5599999999,"222 N ROSE ST, Unit 202",BURBANK,CA,91505,81.1222
5266830055097805554,1030253.0,1030253.0,1009647.94,"4125 W HOOD AVE, Unit 102",BURBANK,CA,91505,103.0253
4104235718860090747,898508.0,898508.0,880537.84,14677 COBALT ST,SYLMAR,CA,91342,89.8508
7088660275742558120,795888.0,795888.0,779970.24,"13642 DRONFIELD AVE, Unit 103",SYLMAR,CA,91342,79.5888
-8129975145505832634,563239.0,563239.0,551974.22,14043 AZTEC ST,SYLMAR,CA,91342,56.3239
-1708947991575822526,481783.0,481783.0,472147.33999999997,13181 1/4 BROMONT AVE,SYLMAR,CA,91342,48.1783
7824751118388787091,597283.0,597283.0,585337.34,13507 SAYRE ST,SYLMAR,CA,91342,59.7283
2411868642769823803,572187.0,572187.0,560743.26,"13580 FOOTHILL BLVD, Unit 6",SYLMAR,CA,91342,57.2187
3336563449028471002,610412.0,610412.0,598203.76,423 NEWTON ST,SAN FERNANDO,CA,91340,61.0412
467033491975760666,0.0,0.0,0.0,10824 FOOTHILL BLVD,SYLMAR,CA,91342,0.0
-3616325402491177032,442619.0,442619.0,433766.62,"11350 FOOTHILL BLVD, Unit 19",SYLMAR,CA,91342,44.2619
5952913149604677384,686353.0,686353.0,672625.94,"12120 TERRA BELLA ST, Unit 33",PACOIMA,CA,91331,68.6353
5996149252062723069,781956.0,781956.0,766316.88,13309 FILMORE ST,PACOIMA,CA,91331,78.1956
427836777712955547,541441.0,541441.0,530612.1799999999,"11150 GLENOAKS BLVD, Unit 256",PACOIMA,CA,91331,54.1441
5886158050268092812,1028460.0,1028460.0,1007890.7999999999,10534 COLEBROOK ST,SUNLAND,CA,91040,102.846
2984050655555693943,721935.0,721935.0,707496.2999999999,10708 SABLE AVE,SUNLAND,CA,91040,72.1935
2380234268226616456,0.0,0.0,0.0,8001 DENIVELLE RD,SUNLAND,CA,91040,0.0
3.390421732439761e+18,0.0,0.0,0.0,2550 E River Road #15304,SUNLAND,CA,91040,0.0
6677941747127337785,0.0,0.0,0.0,11360 MOUNT GLEASON AVE,TUJUNGA,CA,91042,0.0
1088646950095265798,932317.0,932317.0,913670.66,10825 SEVENHILLS DR,TUJUNGA,CA,91042,93.2317
3443558239798079628,759194.0,759194.0,744010.12,8319 HILLROSE ST,SUNLAND,CA,91040,75.9194
-8037756055820468088,949786.0,949786.0,930790.28,10611 NASSAU AVE,SUNLAND,CA,91040,94.9786
-7627848063432603008,792158.0,792158.0,776314.84,7651 MACHREA ST,TUJUNGA,CA,91042,79.2158
-2543161875058189858,1192737.0,1192737.0,1168882.26,10410 MOUNTAIR AVE,TUJUNGA,CA,91042,119.2737
-1700572166170907404,588858.0,588858.0,577080.84,"10249 TUJUNGA CANYON BLVD, Unit 4",TUJUNGA,CA,91042,58.8858
-5938799630117736805,152835.0,152835.0,149778.3,7920 GLENTIES WAY,SUNLAND,CA,91040,15.2835
-2.4351205342789e+18,0.0,0.0,0.0,6255 N Camino Pimeria Alta #135,SUNLAND,CA,91040,0.0
-7136810432255974847,1394655.0,1394655.0,1366761.9,10425 MCVINE AVE,SUNLAND,CA,91040,139.4655
8181911754754837194,885809.0,885809.0,868092.82,9502 INSPIRATION WAY,TUJUNGA,CA,91042,88.5809
7321084392091429114,877828.0,877828.0,860271.44,14063 TUCKER AVE,SYLMAR,CA,91342,87.7828
2381701617530371548,1380118.0,1380118.0,1352515.64,13314 MISSION TIERRA WAY,GRANADA HILLS,CA,91344,138.0118
2424673300038049019,2200595.0,2200595.0,2156583.1,18177 KNOLLHILL,GRANADA HILLS,CA,91344,220.0595
8704434667684783684,1184026.0,1184026.0,1160345.48,13771 DE GARMO AVE,RANCHO CASCADES,CA,91342,118.4026
983802797410880089,850900.0,850900.0,833882.0,17360 FIRMA CT,GRANADA HILLS,CA,91344,85.09
6122806972636455298,1634288.0,1634288.0,1601602.24,11922 LOUISE AVE,GRANADA HILLS,CA,91344,163.4288
3279016447319365227,1178001.0,1178001.0,1154440.98,12757 DEON PL,GRANADA HILLS,CA,91344,117.8001
8649551472435836589,1054289.0,1054289.0,1033203.22,12732 DARYL AVE,GRANADA HILLS,CA,91344,105.4289
7974807881709940556,1608754.0,1608754.0,1576578.92,12293 WOODLEY AVE,GRANADA HILLS,CA,91344,160.8754
-2160661615455462647,823463.0,823463.0,806993.74,14807 HUBBARD ST,SYLMAR,CA,91342,82.3463
5238289608728136566,850627.0,850627.0,833614.46,13411 WINGO ST,ARLETA,CA,91331,85.0627
7740799961764302568,653573.0,653573.0,640501.54,8308 BELLINGHAM AVE,SUN VALLEY,CA,91352,65.3573
7350214015013380936,811479.0,811479.0,795249.42,11833 PENDLETON ST,SUN VALLEY,CA,91352,81.1479
-2774197426725795030,730225.0,730225.0,715620.5,8651 KATHERINE AVE,PANORAMA CITY,CA,91402,73.0225
7996272899122313425,802645.0,802645.0,786592.1,8742 STANSBURY AVE,PANORAMA CITY,CA,91402,80.2645
483296865425032408,482962.0,482962.0,473302.76,"14501 TUPPER ST, Unit 15",PANORAMA CITY,CA,91402,48.2962
-4531157109980509674,720673.0,720673.0,706259.54,10353 HADDON AVE,PACOIMA,CA,91331,72.0673
-8193288293658743951,860147.0,860147.0,842944.0599999999,14874 GOTHAM ST,NORTH HILLS,CA,91343,86.0147
-4704725483387309268,537952.0,537952.0,527192.96,"8333 COLUMBUS AVE, Unit 25",NORTH HILLS,CA,91343,53.7952
-1996814142908059772,578965.0,578965.0,567385.7,"9740 SEPULVEDA BLVD, Unit 28",NORTH HILLS,CA,91343,57.8965
-3873137974133317430,445191.0,445191.0,436287.18,"9834 SEPULVEDA BLVD, Unit 112",NORTH HILLS,CA,91343,44.5191
-3185612848588941786,830676.0,830676.0,814062.48,15631 HARVEST ST,GRANADA HILLS,CA,91344,83.0676
9086455574697998478,1022602.0,1022602.0,1002149.96,15934 GRESHAM ST,NORTH HILLS,CA,91343,102.2602
3000254725988055055,1128044.0,1128044.0,1105483.1199999999,16053 LONDELIUS ST,NORTH HILLS,CA,91343,112.8044
-186879505086637808,809255.0,809255.0,793069.9,9320 SWINTON AVE,NORTH HILLS,CA,91343,80.9255
21740955648869669,959816.0,959816.0,940619.6799999999,16718 DONMETZ ST,GRANADA HILLS,CA,91344,95.9816
-790198171940361737,872342.0,872342.0,854895.16,16249 PARTHENIA ST,NORTH HILLS,CA,91343,87.2342
7036676358718803598,1023995.0,1023995.0,1003515.1,17150 MAYALL ST,NORTHRIDGE,CA,91325,102.3995
5904028795596911934,1265923.0,1265923.0,1240604.54,17144 KINGSBURY ST,GRANADA HILLS,CA,91344,126.5923
-6742960487524160980,1161643.0,1161643.0,1138410.14,17240 LOS ALIMOS ST,GRANADA HILLS,CA,91344,116.1643
6951020941284915750,891875.0,891875.0,874037.5,11314 PASEO EL SOL,NORTHRIDGE,CA,91326,89.1875
-178340032524824078,1450174.0,1450174.0,1421170.52,10627 VARIEL AVE,CHATSWORTH,CA,91311,145.0174
771234012098624023,1205214.0,1205214.0,1181109.72,10714 SUNNYBRAE AVE,CHATSWORTH,CA,91311,120.5214
4966902400284730929,1530135.0,1530135.0,1499532.3,17520 DONMETZ ST,GRANADA HILLS,CA,91344,153.0135
9135548130296670742,1068456.0,1068456.0,1047086.88,10906 DARBY AVE,PORTER RANCH,CA,91326,106.8456
-7358688463328132771,1565645.0,1565645.0,1534332.0999999999,11001 KEY WEST AVE,PORTER RANCH,CA,91326,156.5645
-8.98226439689542e+18,0.0,0.0,0.0,4442 E Glenn Street,TUCSON,CA,91311,0.0
-6395641900760649790,1503527.0,1503527.0,1473456.46,9809 SHOUP AVE,CHATSWORTH,CA,91311,150.3527
-4723138546581468204,441859.0,441859.0,433021.82,"10221 OKLAHOMA AVE, Unit 35",CHATSWORTH,CA,91311,44.1859
-5044446625972749178,1018708.0,1018708.0,998333.84,10036 COZYCROFT AVE,CHATSWORTH,CA,91311,101.8708
-189779474570082222,1160188.0,1160188.0,1136984.24,21218 MERRIDY ST,CHATSWORTH,CA,91311,116.0188
1304410419483048585,847432.0,847432.0,830483.36,9514 DELCO AVE,CHATSWORTH,CA,91311,84.7432
-8904106217856202559,1024493.0,1024493.0,1004003.14,20226 LABRADOR ST,CHATSWORTH,CA,91311,102.4493
1274309662437543002,548878.0,548878.0,537900.44,"9610 ZELZAH AVE, Unit 306",NORTHRIDGE,CA,91325,54.8878
9035651069361146815,1578904.0,1578904.0,1547325.92,17840 PLUMMER ST,NORTHRIDGE,CA,91325,157.8904
-3341669283000504016,1482981.0,1482981.0,1453321.38,8852 NEWCASTLE AVE,SHERWOOD FOREST,CA,91325,148.2981
5398123161640494467,1784936.0,1784936.0,1749237.28,17647 PARTHENIA ST,SHERWOOD FOREST,CA,91325,178.4936
4931120074380921285,2068883.0,2068883.0,2027505.3399999999,8820 ENCINO AVE,SHERWOOD FOREST,CA,91325,206.8883
5288768060539899684,806981.0,806981.0,790841.38,8909 RHEA AVE,NORTHRIDGE,CA,91324,80.6981
-7633578548324039605,355289.0,355289.0,348183.22,"20930 PARTHENIA ST, Unit 114",CANOGA PARK,CA,91304,35.5289
5562305128386981246,797532.0,797532.0,781581.36,8321 QUARTZ AVE,WINNETKA,CA,91306,79.7532
8019285657216003881,971215.0,971215.0,951790.7,8356 VANALDEN AVE,NORTHRIDGE,CA,91324,97.1215
8654607713714493416,809612.0,809612.0,793419.76,18114 SCHOENBORN ST,NORTHRIDGE,CA,91325,80.9612
-1206576299328737936,717581.0,717581.0,703229.38,28004 LAKEHURST AVE,SANTA CLARITA,CA,91351,71.7581
771691598312347588,0.0,0.0,0.0,27922 WHITES CANYON RD,SANTA CLARITA,CA,91351,0.0
5781029490571085096,708629.0,708629.0,694456.42,19015 FELBRIDGE ST,SANTA CLARITA,CA,91351,70.8629
5384921395897867730,920720.0,920720.0,902305.6,28229 TAMBORA DR,SANTA CLARITA,CA,91351,92.072
9037225317403685090,674090.0,674090.0,660608.2,27410 DEWDROP AVE,SANTA CLARITA,CA,91351,67.409
-8410023194308140859,781746.0,781746.0,766111.08,27650 ENNISMORE AVE,SANTA CLARITA,CA,91351,78.1746
177027427542056684,509555.0,509555.0,499363.89999999997,"27116 CROSSGLADE AVE, Unit 1",SANTA CLARITA,CA,91351,50.9555
-5362974063199025072,819935.0,819935.0,803536.2999999999,22479 TULA DR,SANTA CLARITA,CA,91350,81.9935
-6618553672482914918,1136785.0,1136785.0,1114049.3,27511 WOODFIELD PL,SANTA CLARITA,CA,91354,113.6785
1001259434509502495,623544.0,623544.0,611073.12,"27874 CROWN COURT CIR, Unit 87",VALENCIA,CA,91354,62.3544
1937146261819932297,851855.0,851855.0,834817.9,23302 MONTECITO PL,VALENCIA,CA,91354,85.1855
-3958605848759087991,485528.0,485528.0,475817.44,28191 ASHBROOK LN,VALENCIA,CA,91354,48.5528
654157604739140901,665723.0,665723.0,652408.54,27973 TRILLIUM LN,VALENCIA,CA,91354,66.5723
-53986266257965732,948397.0,948397.0,929429.0599999999,27642 SUNNY CREEK DR,VALENCIA,CA,91354,94.8397
1627859117091011562,1306709.0,1306709.0,1280574.82,24343 MIRA VISTA ST,VALENCIA,CA,91355,130.6709
4030133033660856854,916889.0,916889.0,898551.22,28335 ESPLANADA DR,SANTA CLARITA,CA,91354,91.6889
-1352290848646869465,876435.0,876435.0,858906.2999999999,28292 N VIA SONATA DR,SANTA CLARITA,CA,91354,87.6435
5891863936561112930,590882.0,590882.0,579064.36,28485 HERRERA ST,VALENCIA,CA,91354,59.0882
-6754684645622779113,635670.0,635670.0,622956.6,28507 HERRERA ST,VALENCIA,CA,91354,63.567
-6608952519599298868,991421.0,991421.0,971592.58,29020 VIA PATINA,SANTA CLARITA,CA,91354,99.1421
1849878548246802666,1579432.0,1579432.0,1547843.3599999999,28360 STEEL LN,VALENCIA,CA,91354,157.9432
3096919560633679362,1135641.0,1135641.0,1112928.18,28629 STONEGATE CT,VALENCIA,CA,91354,113.5641
-7140118760415234631,843398.0,843398.0,826530.04,23729 CAMERON CT,SANTA CLARITA,CA,91354,84.3398
4857644355988846784,615201.0,615201.0,602896.98,"27012 BIG RAPIDS LOOP, Unit 33",SANTA CLARITA,CA,91354,61.5201
2647074825312992175,835797.0,835797.0,819081.0599999999,24124 TWIN TIDES DR,VALENCIA,CA,91355,83.5797
-9189855668719050097,570430.0,570430.0,559021.4,"27009 CHANNEL LN, Unit 8",SANTA CLARITA,CA,91355,57.043
-4585438675636999042,633401.0,633401.0,620732.98,28795 BOUQUET CANYON RD,SANTA CLARITA,CA,91390,63.3401
212994599941830735,799476.0,799476.0,783486.48,20849 CANTERWOOD DR,SANTA CLARITA,CA,91350,79.9476
-126694077279345101,956330.0,956330.0,937203.4,20174 ZIMMERMAN PL,SANTA CLARITA,CA,91390,95.633
-642479221243368751,869845.0,869845.0,852448.1,19329 SIDANI LN,SAUGUS,CA,91350,86.9845
-5674522684497817233,387742.0,387742.0,379987.16,"20000 PLUM CANYON RD, Unit 1328",SANTA CLARITA,CA,91350,38.7742
-5674522684497817233,401933.0,401933.0,393894.33999999997,"20000 PLUM CANYON RD, Unit 924",SANTA CLARITA,CA,91350,40.1933
6660149179706266501,756947.0,756947.0,741808.0599999999,20026 CHRISTOPHER LN,SANTA CLARITA,CA,91350,75.6947
3268077848196009782,590287.0,590287.0,578481.26,25252 AVENIDA DORENA,SANTA CLARITA,CA,91321,59.0287
-2690980782898068059,513004.0,513004.0,502743.92,"25218 STEINBECK AVE, Unit G",STEVENSON RANCH,CA,91381,51.3004
-223457130103908590,1303335.0,1303335.0,1277268.3,25923 FRANKLIN LN,STEVENSON RANCH,CA,91381,130.3335
2679028233084172199,1226466.0,1226466.0,1201936.68,25626 MOORE LN,STEVENSON RANCH,CA,91381,122.6466
4803880264385384664,1209769.0,1209769.0,1185573.6199999999,25769 HAWTHORNE PL,STEVENSON RANCH,CA,91381,120.9769
4104315428926744508,1195924.0,1195924.0,1172005.52,25947 VOLTAIRE PL,STEVENSON RANCH,CA,91381,119.5924
-7112387612810970917,1365239.0,1365239.0,1337934.22,24208 HERITAGE LN,SANTA CLARITA,CA,91321,136.5239
-2257430765215748872,999156.0,999156.0,979172.88,24016 BRIARDALE WAY,SANTA CLARITA,CA,91321,99.9156
-5052992721172808524,1087683.0,1087683.0,1065929.34,24508 EBELDEN AVE,SANTA CLARITA,CA,91321,108.7683
5587053020687880681,796054.0,796054.0,780132.92,24057 RACE ST,SANTA CLARITA,CA,91321,79.6054
-8150001229553870285,524665.0,524665.0,514171.7,"24409 VALLE DEL ORO, Unit 201",SANTA CLARITA,CA,91321,52.4665
6617192463109474370,865860.0,865860.0,848542.7999999999,23808 OAKHURST DR,SANTA CLARITA,CA,91321,86.586
3844166430316863116,1857320.0,1857320.0,1820173.5999999999,25166 BARNHILL RD,SANTA CLARITA,CA,91350,185.732
4199069871649653379,636080.0,636080.0,623358.4,19934 AVENUE OF THE OAKS,SANTA CLARITA,CA,91321,63.608
1344773748325783932,405152.0,405152.0,397048.96,"26758 CLAUDETTE ST, Unit 427",SANTA CLARITA,CA,91351,40.5152
7438651856751262191,959812.0,959812.0,940615.76,28900 GLADIOLUS DR,SANTA CLARITA,CA,91387,95.9812
-4369059199452065599,649742.0,649742.0,636747.16,28818 LORETTA LN,SANTA CLARITA,CA,91387,64.9742
-3831024447574818395,731371.0,731371.0,716743.58,15827 ADA ST,SANTA CLARITA,CA,91387,73.1371
8627877304969850766,1055737.0,1055737.0,1034622.26,28661 CRYSTAL HEIGHTS CT,SANTA CLARITA,CA,91387,105.5737
5071234598611895551,1785153.0,1785153.0,1749449.94,27215 APPALOOSA RD,SANTA CLARITA,CA,91387,178.5153
2333131715370723764,1477358.0,1477358.0,1447810.84,27337 EAGLEHELM DR,SANTA CLARITA,CA,91387,147.7358
-5653915354048802267,1004111.0,1004111.0,984028.78,27465 ENGLISH IVY LN,CANYON COUNTRY,CA,91387,100.4111
-8571738691775716202,409090.0,409090.0,400908.2,"18161 SUNDOWNER WAY, Unit 921",SANTA CLARITA,CA,91387,40.909
-8531469726827545816,529043.0,529043.0,518462.14,"27633 NUGGET DR, Unit 1",SANTA CLARITA,CA,91387,52.9043
1899251346397873945,493172.0,493172.0,483308.56,"18106 FLYNN DR, Unit 4404",CANYON COUNTRY,CA,91387,49.3172
3700247129223087788,699400.0,699400.0,685412.0,30225 JASMINE VALLEY DR,SANTA CLARITA,CA,91387,69.94
3200679503595959593,317652.0,317652.0,311298.96,"23515 LYONS AVE, Unit 188",SANTA CLARITA,CA,91355,31.7652
5005690366212546023,881624.0,881624.0,863991.52,25320 AVENIDA CAPPELA,SANTA CLARITA,CA,91355,88.1624
-5499786486469219511,875284.0,875284.0,857778.32,23788 VIA JACARA,SANTA CLARITA,CA,91355,87.5284
-1376940951738414738,843358.0,843358.0,826490.84,25556 ALESNA DR,SANTA CLARITA,CA,91355,84.3358
-7663821319554614264,814543.0,814543.0,798252.14,23637 GRAVINO RD,SANTA CLARITA,CA,91355,81.4543
-8501252114262490947,889218.0,889218.0,871433.64,25812 MENDOZA DR,SANTA CLARITA,CA,91355,88.9218
315189729929780360,918531.0,918531.0,900160.38,24620 CORDERA CT,SANTA CLARITA,CA,91355,91.8531
-6025296783510769996,1936332.0,1936332.0,1897605.3599999999,26065 CHARING CROSS RD,SANTA CLARITA,CA,91355,193.6332
1529658522436279949,620562.0,620562.0,608150.76,"24009 ARROYO PARK DR, Unit 54",SANTA CLARITA,CA,91355,62.0562
6836997092128203904,530504.0,530504.0,519893.92,26739 WINSOME CIR,SANTA CLARITA,CA,91321,53.0504
6054273422241969344,558235.0,558235.0,547070.3,26728 WINSOME CIR,SANTA CLARITA,CA,91321,55.8235
-4262689713755986804,393792.0,393792.0,385916.16,"19221 AVENUE OF THE OAKS, Unit A",SANTA CLARITA,CA,91321,39.3792
-1745396935720050444,829705.0,829705.0,813110.9,28422 OAK VALLEY RD,CASTAIC,CA,91384,82.9705
3761214765353239229,951858.0,951858.0,932820.84,27929 KNIGHT ST,CASTAIC,CA,91384,95.1858
6375523393138848241,1187592.0,1187592.0,1163840.16,12236 BEAUFAIT AVE,PORTER RANCH,CA,91326,118.7592
-5421008672079208505,837840.0,837840.0,821083.2,2553 W AVENUE O,PALMDALE,CA,93551,83.784
-3502946746396476071,575006.0,575006.0,563505.88,3418 VICKER WAY,PALMDALE,CA,93551,57.5006
2785005768501454881,616987.0,616987.0,604647.26,39715 TESORO LN,PALMDALE,CA,93551,61.6987
1721369256766023094,560838.0,560838.0,549621.24,4377 SUNGATE DR,PALMDALE,CA,93551,56.0838
-8399039545312346729,549379.0,549379.0,538391.42,3201 FAIRGREEN LN,PALMDALE,CA,93551,54.9379
4206395345303276976,610916.0,610916.0,598697.6799999999,40407 MILAN DR,PALMDALE,CA,93551,61.0916
3519858658248308425,609499.0,609499.0,597309.02,3928 COCINA LN,PALMDALE,CA,93551,60.9499
-5282913782499742386,639825.0,639825.0,627028.5,40532 LA QUINTA CT,PALMDALE,CA,93551,63.9825
-7437441853254694768,564529.0,564529.0,553238.42,3240 CLUB RANCHO DR,PALMDALE,CA,93551,56.4529
-987394625547400327,730308.0,730308.0,715701.84,4332 CLUB VISTA DR,PALMDALE,CA,93551,73.0308
4723530346517202317,658983.0,658983.0,645803.34,3649 MOUNTAIN SHADOWS CT,PALMDALE,CA,93551,65.8983
7657724059540503594,468169.0,468169.0,458805.62,1200 DIANRON RD,PALMDALE,CA,93551,46.8169
-3037022480672803251,675602.0,675602.0,662089.96,39112 SILVERBERRY LN,PALMDALE,CA,93551,67.5602
1132700037872430216,586756.0,586756.0,575020.88,1650 BALINESE CT,LEONA VALLEY,CA,93551,58.6756
3192460841717366387,597261.0,597261.0,585315.78,40854 17TH ST W,PALMDALE,CA,93551,59.7261
-5002368765636616416,497851.0,497851.0,487893.98,410 FANTASY ST,PALMDALE,CA,93551,49.7851
3917385797249901542,487996.0,487996.0,478236.08,39709 DOVER DR,PALMDALE,CA,93551,48.7996
-6226044667154650491,875601.0,875601.0,858088.98,38564 5TH ST E,PALMDALE,CA,93550,87.5601
4222346754720172786,382791.0,382791.0,375135.18,1214 E AVENUE R2,PALMDALE,CA,93550,38.2791
-478067245631527244,457822.0,457822.0,448665.56,1333 SPRINGLINE DR,PALMDALE,CA,93550,45.7822
7447582051411936649,434206.0,434206.0,425521.88,38603 15TH ST E,PALMDALE,CA,93550,43.4206
3732476786627104263,425071.0,425071.0,416569.58,38605 15TH ST E,PALMDALE,CA,93550,42.5071
-6569143719951261368,492081.0,492081.0,482239.38,38442 21ST ST E,PALMDALE,CA,93550,49.2081
6120086546991662888,0.0,0.0,0.0,COR 30TH STE AVE Q,PALMDALE,CA,93550,0.0
-4643968537157005125,477458.0,477458.0,467908.83999999997,2203 ESTRELLA CT,PALMDALE,CA,93550,47.7458
-5371453153248722992,463364.0,463364.0,454096.72,2243 BRIGHTON CT,PALMDALE,CA,93550,46.3364
4929091459738002500,437266.0,437266.0,428520.68,38557 31ST ST E,PALMDALE,CA,93550,43.7266
6698665696593197048,479368.0,479368.0,469780.64,5129 E AVENUE R12,PALMDALE,CA,93552,47.9368
-2244887954867439474,528812.0,528812.0,518235.76,37824 52ND ST E,PALMDALE,CA,93552,52.8812
-2881150664708116037,601942.0,601942.0,589903.16,37779 SCORPIUS WAY,PALMDALE,CA,93552,60.1942
-18046349555926099,505320.0,505320.0,495213.6,37656 SIMI ST,PALMDALE,CA,93552,50.532
1597228082959308118,0.0,0.0,0.0,AVE R12 VIC 140TH STE,SUN VILLAGE,CA,93543,0.0
585812563266736723,563447.0,563447.0,552178.0599999999,10043 E AVENUE R12,SUN VILLAGE,CA,93543,56.3447
5393400223443041316,430152.0,430152.0,421548.96,10052 E AVENUE S2,LITTLEROCK,CA,93543,43.0152
4656021682410717766,462414.0,462414.0,453165.72,9019 E AVENUE T4,LITTLEROCK,CA,93543,46.2414
-111941206139662318,0.0,0.0,0.0,VACVIC 108TH STE AVE V10,PEARBLOSSOM,CA,93553,0.0
91028391982818597,459829.0,459829.0,450632.42,5819 E AVENUE T8,PALMDALE,CA,93552,45.9829
8901284086400057549,367798.0,367798.0,360442.04,36829 BURROUGHS WAY,PALMDALE,CA,93552,36.7798
6306313835610666242,578339.0,578339.0,566772.22,4708 CHALONE DR,PALMDALE,CA,93552,57.8339
1581652350836281702,617121.0,617121.0,604778.58,36425 EVENINGSIDE DR,PALMDALE,CA,93552,61.7121
-7965422237510286771,464986.0,464986.0,455686.27999999997,36508 40TH ST E,PALMDALE,CA,93552,46.4986
-1081877658466189277,520186.0,520186.0,509782.27999999997,3031 DOLOMITE AVE,PALMDALE,CA,93550,52.0186
8293869948967514605,0.0,0.0,0.0,38709 LA MANCHA CT,PALMDALE,CA,93550,0.0
8922491034268641809,489781.0,489781.0,479985.38,37020 JENNA LN,PALMDALE,CA,93550,48.9781
-5781691811786989833,396078.0,396078.0,388156.44,2817 FAIRFIELD AVE,PALMDALE,CA,93550,39.6078
-7014105444337207374,0.0,0.0,0.0,BARRELL SPRINGS VIC AV F,PALMDALE,CA,93550,0.0
5025933389833697632,409007.0,409007.0,400826.86,1525 VIA VERDE AVE,PALMDALE,CA,93550,40.9007
-4769133561491240141,445317.0,445317.0,436410.66,37011 ZINNIA ST,PALMDALE,CA,93550,44.5317
1720743733061190233,969492.0,969492.0,950102.16,36422 EL CAMINO DR,PALMDALE,CA,93551,96.9492
2170966867433250362,349862.0,349862.0,342864.76,13224 FORT TEJON RD,PEARBLOSSOM,CA,93553,34.9862
244000835083217975,314755.0,314755.0,308459.9,15622 MOSSDALE AVE,LANCASTER,CA,93535,31.4755
3999881605742806213,454172.0,454172.0,445088.56,16244 VALEPORT AVE,LANCASTER,CA,93535,45.4172
-1.4502269030073382e+17,0.0,0.0,0.0,2601 W Broadway Boulevard #395,PALMDALE,CA,93591,0.0
5.18382044562985e+18,0.0,0.0,0.0,2601 W Broadway Boulevard #M383,PALMDALE,CA,93591,0.0
-7007461883170004006,493253.0,493253.0,483387.94,39153 162ND ST E,PALMDALE,CA,93591,49.3253
-5026276056096725024,411096.0,411096.0,402874.08,39115 162ND ST E,PALMDALE,CA,93591,41.1096
252530848971651586,822243.0,822243.0,805798.14,5345 W AVENUE M8,QUARTZ HILL,CA,93536,82.2243
8273336101273857977,473595.0,473595.0,464123.1,41636 50TH ST W,LANCASTER,CA,93536,47.3595
-6237011280304356717,555708.0,555708.0,544593.84,41646 ELSDALE PL,QUARTZ HILL,CA,93536,55.5708
2201861226417610140,648036.0,648036.0,635075.28,41544 SANDALWOOD PL,QUARTZ HILL,CA,93536,64.8036
-6128653800252221197,692323.0,692323.0,678476.54,5222 W AVENUE L8,LANCASTER,CA,93536,69.2323
-1644538631033179422,737387.0,737387.0,722639.26,2841 W AVENUE L2,LANCASTER,CA,93536,73.7387
-5204459223012515209,490525.0,490525.0,480714.5,4628 W AVENUE K8,QUARTZ HILL,CA,93536,49.0525
4763339935697230505,932548.0,932548.0,913897.04,3800 W AVENUE M10,QUARTZ HILL,CA,93536,93.2548
8877703032763310410,873188.0,873188.0,855724.24,3929 DERBY CIR,QUARTZ HILL,CA,93536,87.3188
-663159576920706054,980163.0,980163.0,960559.74,41713 DOVERWOOD CT,LANCASTER,CA,93536,98.0163
5068118176391224380,0.0,0.0,0.0,3165 CAMINO HERMANOS,QUARTZ HILL,CA,93536,0.0
-8420399442574227606,391130.0,391130.0,383307.39999999997,"43425 30TH ST W, Unit 4",LANCASTER,CA,93536,39.113
-8244495756337853072,0.0,0.0,0.0,"43441 30TH ST W, Unit 3",LANCASTER,CA,93536,0.0
-3845497192661565946,373543.0,373543.0,366072.14,2840 DARTMOUTH DR,LANCASTER,CA,93536,37.3543
-4355092892009769656,0.0,0.0,0.0,VIC AVE C14 23 STW,LANCASTER,CA,93536,0.0
-8316871222559858608,0.0,0.0,0.0,1514 REGENTS ST,LANCASTER,CA,93534,0.0
-3115459817144003119,491543.0,491543.0,481712.14,45653 KNIGHTSBRIDGE ST,LANCASTER,CA,93534,49.1543
-808941202430625099,496863.0,496863.0,486925.74,45345 PICKFORD AVE,LANCASTER,CA,93534,49.6863
2008758484999487048,447543.0,447543.0,438592.14,1226 W AVENUE H15,LANCASTER,CA,93534,44.7543
507763186231803009,371115.0,371115.0,363692.7,45346 LOSTWOOD AVE,LANCASTER,CA,93534,37.1115
3839667963828212495,398796.0,398796.0,390820.08,1408 W AVENUE H14,LANCASTER,CA,93534,39.8796
-2789540925712918677,426419.0,426419.0,417890.62,1610 W NEWGROVE ST,LANCASTER,CA,93534,42.6419
4517394739406302256,534889.0,534889.0,524191.22,44510 21ST ST W,LANCASTER,CA,93536,53.4889
-7554949519652291866,510559.0,510559.0,500347.82,44202 SOFT AVE,LANCASTER,CA,93536,51.0559
-3207715931336018937,510257.0,510257.0,500051.86,1646 STAFFORDSHIRE DR,LANCASTER,CA,93534,51.0257
5936526827641978674,296885.0,296885.0,290947.3,"1551 W AVENUE L, Unit 5",LANCASTER,CA,93534,29.6885
7857707245782895651,353473.0,353473.0,346403.54,43348 6TH ST E,LANCASTER,CA,93535,35.3473
-1274586291577237802,0.0,0.0,0.0,VIC DIVISION ST AVE M12,PALMDALE,CA,93550,0.0
-4816248942613929756,546267.0,546267.0,535341.66,43719 21ST ST W,LANCASTER,CA,93536,54.6267
-1232761459833789800,421945.0,421945.0,413506.1,2308 FORRY ST,LANCASTER,CA,93536,42.1945
6885459685642330289,0.0,0.0,0.0,43611 8TH ST E,LANCASTER,CA,93535,0.0
7619357327007965789,434653.0,434653.0,425959.94,43731 RODIN AVE,LANCASTER,CA,93535,43.4653
-8922863807054678993,348424.0,348424.0,341455.52,44708 3RD ST E,LANCASTER,CA,93535,34.8424
8929247286895507947,383803.0,383803.0,376126.94,44709 6TH ST E,LANCASTER,CA,93535,38.3803
-255402253003050677,448031.0,448031.0,439070.38,621 E PONDERA ST,LANCASTER,CA,93535,44.8031
7211585597084415442,407792.0,407792.0,399636.16,639 E AVENUE J,LANCASTER,CA,93535,40.7792
6654655998397270580,493799.0,493799.0,483923.02,527 E JACKMAN ST,LANCASTER,CA,93535,49.3799
2295334883164296777,361526.0,361526.0,354295.48,1027 MORVEN ST,LANCASTER,CA,93535,36.1526
-733506126458052326,300617.0,300617.0,294604.66,1003 LIGHTCAP ST,LANCASTER,CA,93535,30.0617
1136610911056919323,466825.0,466825.0,457488.5,43635 EMILE ZOLA ST,LANCASTER,CA,93535,46.6825
4691422374424452587,495470.0,495470.0,485560.6,43860 SILVER BOW RD,LANCASTER,CA,93535,49.547
-1198098954189230486,438722.0,438722.0,429947.56,1511 E AVENUE J6,LANCASTER,CA,93535,43.8722
-968291696578517893,0.0,0.0,0.0,2209 ROSEWOOD AVE,LANCASTER,CA,93535,0.0
-7231365097454574915,386400.0,386400.0,378672.0,44628 26TH ST E,LANCASTER,CA,93535,38.64
273364779718309758,64327.0,64327.0,63040.46,COR LUMBER ST 45TH STW,LANCASTER,CA,93536,6.4327
4211034552207229606,460299.0,460299.0,451093.02,2625 W NEWGROVE ST,LANCASTER,CA,93536,46.0299
-8431311968234440830,542414.0,542414.0,531565.72,3040 W LINGARD ST,LANCASTER,CA,93536,54.2414
1817407557600248490,606577.0,606577.0,594445.46,4737 JADE CT,LANCASTER,CA,93536,60.6577
-66966158729126699,566542.0,566542.0,555211.16,44122 CATSUE PL,LANCASTER,CA,93536,56.6542
-3904644602888035170,602395.0,602395.0,590347.1,3763 W AVENUE J6,LANCASTER,CA,93536,60.2395
2192291470341600443,431797.0,431797.0,423161.06,1154 ANGELA CT,LANCASTER,CA,93535,43.1797
-5317003611959873304,439409.0,439409.0,430620.82,3317 KEGA CT,LANCASTER,CA,93535,43.9409
-5380755572886130340,0.0,0.0,0.0,AVE F VIC DIVISION ST,LANCASTER,CA,93535,0.0
5251768132840162878,441047.0,441047.0,432226.06,45339 18TH ST E,LANCASTER,CA,93535,44.1047
-4742567172932766420,465947.0,465947.0,456628.06,1761 E AVENUE H5,LANCASTER,CA,93535,46.5947
7751861439651967820,475979.0,475979.0,466459.42,44322 BRANDON THOMAS WAY,LANCASTER,CA,93536,47.5979
1888835997383945625,0.0,0.0,0.0,COR WEST VIEW DR WESTDAL,LANCASTER,CA,93536,0.0
9113707874707855730,0.0,0.0,0.0,COR 55TH STW AVE K12,LANCASTER,CA,93536,0.0
-5629450383144975386,599300.0,599300.0,587314.0,42263 GRANDEUR WAY,LANCASTER,CA,93536,59.93
-8539980097565216598,0.0,0.0,0.0,9656 LOST VALLEY RANCH RD,LEONA VALLEY,CA,93551,0.0
5073086205804196026,0.0,0.0,0.0,30201 BRIGGS RD,SANTA CLARITA,CA,91390,0.0
-7661797449782468938,1064557.0,1064557.0,1043265.86,32580 WILLOW LN,AGUA DULCE,CA,91390,106.4557
-5499166125595118653,840422.0,840422.0,823613.5599999999,11735 MINT CANYON RD,SANTA CLARITA,CA,91390,84.0422
3299339823595541718,786048.0,786048.0,770327.04,34500 RED ROVER MINE RD,ACTON,CA,93510,78.6048
-4486365750219475153,0.0,0.0,0.0,AVE I9 VIC 96 PLW,DEL SUR,CA,93536,0.0
6519853009232436160,577862.0,577862.0,566304.76,8141 W AVENUE D14,LANCASTER,CA,93536,57.7862
-2559790815975661291,79532.0,79532.0,77941.36,VIC HISEY RANCH RD 55TH,ACTON,CA,93510,7.9532
-5567828617386970686,0.0,0.0,0.0,ARROWROCK DR VIC MONTELL,ELIZABETH LAKE,CA,93532,0.0
-2583735456164706391,432477.0,432477.0,423827.46,40230 CALLE EL CLAVELITO,GREEN VALLEY,CA,91390,43.2477
4221857184269688512,1162943.0,1162943.0,1139684.14,16628 BERMEJO ST,CANYON COUNTRY,CA,91351,116.2943
-5217975388291964646,0.0,0.0,0.0,VIC SAN FRANCISQUITO CYN,GREEN VALLEY,CA,91350,0.0
-5217975388291964646,0.0,0.0,0.0,VIC SAN FRANCISQUITO CYN,GREEN VALLEY,CA,91350,0.0
-7409532967365641631,0.0,0.0,0.0,39018 SAN FRANCISQUITO CANYON RD,GREEN VALLEY,CA,91390,0.0
-7409532967365641631,0.0,0.0,0.0,39018 SAN FRANCISQUITO CANYON RD,GREEN VALLEY,CA,91390,0.0
-7409532967365641631,0.0,0.0,0.0,39018 SAN FRANCISQUITO CANYON RD,GREEN VALLEY,CA,91390,0.0
-5217975388291964646,0.0,0.0,0.0,VIC SAN FRANCISQUITO CYN,GREEN VALLEY,CA,91350,0.0
7879047622757313129,0.0,0.0,0.0,COR KOOTENIA DR TONALEA,LANCASTER,CA,93536,0.0
4517916304028072610,0.0,0.0,0.0,ASH CREEK DR VIC KOOTENI,LANCASTER,CA,93536,0.0
-1459620692099470440,0.0,0.0,0.0,COR ASH CREEK DR KOOTENI,LANCASTER,CA,93536,0.0
7879047622757313129,0.0,0.0,0.0,COR KOOTENIA DR TONALEA,LANCASTER,CA,93536,0.0
440486344810941567,0.0,0.0,0.0,COR TONALEA DR COCONINO,LANCASTER,CA,93536,0.0
5138835824774395678,0.0,0.0,0.0,COR RIMFORD DR TONALEA D,LANCASTER,CA,93536,0.0
-8966917754276930255,618849.0,618849.0,606472.02,"22905 BANYAN PL, Unit 230",SANTA CLARITA,CA,91390,61.8849
-3446973967121344874,888795.0,888795.0,871019.1,28710 SAN FRANCISQUITO CANYON RD,SANTA CLARITA,CA,91390,88.8795
5143746341050780634,824686.0,824686.0,808192.28,21906 PEPPERCORN DR,SANTA CLARITA,CA,91350,82.4686
-6464310103792810023,806316.0,806316.0,790189.6799999999,27947 CARAWAY LN,SANTA CLARITA,CA,91350,80.6316
2565427307395868216,882318.0,882318.0,864671.64,28007 KENTON LN,SANTA CLARITA,CA,91350,88.2318
469812948922433657,824599.0,824599.0,808107.02,28701 CITRUS PL,SANTA CLARITA,CA,91390,82.4599
7385982849166633524,1189196.0,1189196.0,1165412.08,23824 MISSION PUEBLA,SANTA CLARITA,CA,91354,118.9196
4730436865043102426,1095504.0,1095504.0,1073593.92,23857 RIO RANCH WAY,SANTA CLARITA,CA,91354,109.5504
-7698432624011905007,751065.0,751065.0,736043.7,29316 DAKOTA DR,SANTA CLARITA,CA,91354,75.1065
-8002097574381097433,0.0,0.0,0.0,VIC AVE K12,DEL SUR,CA,93536,0.0
6646049570339635669,519004.0,519004.0,508623.92,19300 W AVENUE C,LANCASTER,CA,93536,51.9004
8558344466786556356,0.0,0.0,0.0,COR AVE A6 60 STW,LANCASTER,CA,93536,0.0
-4877648431547654915,331784.0,331784.0,325148.32,48321 91ST ST W,LANCASTER,CA,93536,33.1784
1097597653549150683,451799.0,451799.0,442763.02,25940 W AVENUE C12,LANCASTER,CA,93536,45.1799
2131918788761662760,0.0,0.0,0.0,VIC AVE D4 53 STE,LANCASTER,CA,93535,0.0
-1288643413709355805,285724.0,285724.0,280009.52,19351 E AVENUE F8,LANCASTER,CA,93535,28.5724
1813668730117168948,1206156.0,1206156.0,1182032.88,4101 W 60TH ST,LOS ANGELES,CA,90043,120.6156
5927143489463010987,1233312.0,1233312.0,1208645.76,4418 W 60TH ST,LOS ANGELES,CA,90043,123.3312
-7929167044041697888,1238892.0,1238892.0,1214114.16,3700 W 61ST ST,LOS ANGELES,CA,90043,123.8892
8629846715204173415,737530.0,737530.0,722779.4,6719 8TH AVE,LOS ANGELES,CA,90043,73.753
-4083023354347341206,474945.0,474945.0,465446.1,"530 EVERGREEN ST, Unit 7",INGLEWOOD,CA,90302,47.4945
-2250360260961317878,479852.0,479852.0,470254.95999999996,"805 GLENWAY DR, Unit 212",INGLEWOOD,CA,90302,47.9852
-1930597222149034204,959973.0,959973.0,940773.54,3239 W 111TH ST,INGLEWOOD,CA,90303,95.9973
-2650343450706373246,933852.0,933852.0,915174.96,12318 GALE AVE,HAWTHORNE,CA,90250,93.3852
-6050088163445006697,0.0,0.0,0.0,3252 W 139TH ST,HAWTHORNE,CA,90250,0.0
6294472726523378090,1130715.0,1130715.0,1108100.7,15332 FAYSMITH AVE,GARDENA,CA,90249,113.0715
-847857463718674495,783041.0,783041.0,767380.1799999999,3158 W 153RD ST,GARDENA,CA,90249,78.3041
-6758794266676628885,725172.0,725172.0,710668.5599999999,15502 ERMANITA AVE,GARDENA,CA,90249,72.5172
5544346027320124362,0.0,0.0,0.0,4203 W ROSECRANS AVE,HAWTHORNE,CA,90250,0.0
-3705918181232773242,0.0,0.0,0.0,14616 OSAGE AVE,LAWNDALE,CA,90260,0.0
3262273097514045990,1153188.0,1153188.0,1130124.24,"2602 GRANT AVE, Unit A",REDONDO BEACH,CA,90278,115.3188
-117500573328606259,703639.0,703639.0,689566.22,"2750 ARTESIA BLVD, Unit 112",REDONDO BEACH,CA,90278,70.3639
-117500573328606259,610133.0,610133.0,597930.34,"2750 ARTESIA BLVD, Unit 333",REDONDO BEACH,CA,90278,61.0133
-3442010586639371324,856549.0,856549.0,839418.02,18304 ROSLIN AVE,TORRANCE,CA,90504,85.6549
5129756590430387773,1558613.0,1558613.0,1527440.74,18825 FELBAR AVE,TORRANCE,CA,90504,155.8613
-3244528055998552901,1190243.0,1190243.0,1166438.14,18801 FELBAR AVE,TORRANCE,CA,90504,119.0243
1934248793763687514,910593.0,910593.0,892381.14,3349 W 183RD ST,TORRANCE,CA,90504,91.0593
3532433015712832209,1055846.0,1055846.0,1034729.08,3124 W 185TH ST,TORRANCE,CA,90504,105.5846
-618446809078612274,1214365.0,1214365.0,1190077.7,18503 FALDA AVE,TORRANCE,CA,90504,121.4365
1073134572357070426,1105705.0,1105705.0,1083590.9,3409 W 175TH ST,TORRANCE,CA,90504,110.5705
-8494262909786540852,861552.0,861552.0,844320.96,3151 W 182ND ST,TORRANCE,CA,90504,86.1552
4923016927955106159,921937.0,921937.0,903498.26,16618 OGRAM AVE,TORRANCE,CA,90504,92.1937
8529323467288871319,1049502.0,1049502.0,1028511.96,17031 WILTON PL,TORRANCE,CA,90504,104.9502
3563505579120007288,1015274.0,1015274.0,994968.52,1961 W 187TH PL,TORRANCE,CA,90504,101.5274
7481178672422196976,867783.0,867783.0,850427.34,2006 W 180TH PL,TORRANCE,CA,90504,86.7783
6927530878716569217,2653287.0,2653287.0,2600221.26,7608 TRUXTON AVE,LOS ANGELES,CA,90045,265.3287
-5160175017880201953,1663300.0,1663300.0,1630034.0,7838 NAYLOR AVE,LOS ANGELES,CA,90045,166.33
-6551416938256426416,1733172.0,1733172.0,1698508.56,7920 YORKTOWN AVE,LOS ANGELES,CA,90045,173.3172
6966223242329120926,1860946.0,1860946.0,1823727.08,6617 W 81ST ST,LOS ANGELES,CA,90045,186.0946
-7735369930665389198,2049200.0,2049200.0,2008216.0,6376 W 82ND ST,LOS ANGELES,CA,90045,204.92
5533407427518008476,6360581.0,6360581.0,6233369.38,6429 RIGGS PL,LOS ANGELES,CA,90045,636.0581
5441091552465470923,3321063.0,3321063.0,3254641.7399999998,7543 DENROCK AVE,LOS ANGELES,CA,90045,332.1063
7907934476733453761,1641401.0,1641401.0,1608572.98,7952 BELTON DR,LOS ANGELES,CA,90045,164.1401
-1229930745933907850,842298.0,842298.0,825452.04,"8600 TUSCANY AVE, Unit 209",PLAYA DEL REY,CA,90293,84.2298
-1543995142654505429,951917.0,951917.0,932878.66,"8238 W MANCHESTER AVE, Unit 202",PLAYA DEL REY,CA,90293,95.1917
-8265747139580192842,1045890.0,1045890.0,1024972.2,"8512 TUSCANY AVE, Unit 424",PLAYA DEL REY,CA,90293,104.589
6491772399940920808,1545045.0,1545045.0,1514144.0999999999,7301 W 91ST ST,LOS ANGELES,CA,90045,154.5045
8214213994020378739,1922341.0,1922341.0,1883894.18,913 DUNE ST,EL SEGUNDO,CA,90245,192.2341
-5694294826323240876,2244306.0,2244306.0,2199419.88,232 W OAK AVE,EL SEGUNDO,CA,90245,224.4306
-4234060353610376722,0.0,0.0,0.0,521 PENN ST,EL SEGUNDO,CA,90245,0.0
7264314195804068643,1625094.0,1625094.0,1592592.1199999999,877 CENTER ST,EL SEGUNDO,CA,90245,162.5094
473494405322646464,640475.0,640475.0,627665.5,"6151 CANTERBURY DR, Unit 307",CULVER CITY,CA,90230,64.0475
-3287057894044744974,643095.0,643095.0,630233.1,"6435 GREEN VALLEY CIR, Unit 118",CULVER CITY,CA,90230,64.3095
3396089403536997814,513468.0,513468.0,503198.64,"6505 GREEN VALLEY CIR, Unit 209",CULVER CITY,CA,90230,51.3468
-2745934390513610076,2040408.0,2040408.0,1999599.8399999999,221 40TH ST,MANHATTAN BEACH,CA,90266,204.0408
-5158722089381503694,685593.0,685593.0,671881.14,4921 W 115TH ST,HAWTHORNE,CA,90250,68.5593
3742258513040412299,1269643.0,1269643.0,1244250.14,5103 STACY ST,HAWTHORNE,CA,90250,126.9643
-5873072038436213727,2129565.0,2129565.0,2086973.7,14117 HINDRY AVE,HAWTHORNE,CA,90250,212.9565
-1543245567750413540,1380729.0,1380729.0,1353114.42,5320 W 142ND PL,HAWTHORNE,CA,90250,138.0729
6397936610653573240,1384179.0,1384179.0,1356495.42,13726 JUDAH AVE,HAWTHORNE,CA,90250,138.4179
6266367091316460462,1161096.0,1161096.0,1137874.08,"5429 STRAND, Unit 105",HAWTHORNE,CA,90250,116.1096
4920297914062150398,1682843.0,1682843.0,1649186.14,"1907 ERNEST AVE, Unit B",REDONDO BEACH,CA,90278,168.2843
3359515810158709172,3295862.0,3295862.0,3229944.76,2023 PERRY AVE,REDONDO BEACH,CA,90278,329.5862
-3543892536298808860,1237174.0,1237174.0,1212430.52,2929 GREEN LN,REDONDO BEACH,CA,90278,123.7174
-3996726344867558062,1171462.0,1171462.0,1148032.76,2305 FELTON LN,REDONDO BEACH,CA,90278,117.1462
-8975046077911297896,1205554.0,1205554.0,1181442.92,"2401 VANDERBILT LN, Unit B",REDONDO BEACH,CA,90278,120.5554
-7237778284563599975,954502.0,954502.0,935411.96,"2204 VANDERBILT LN, Unit 16",REDONDO BEACH,CA,90278,95.4502
1113505445788998771,1511007.0,1511007.0,1480786.8599999999,"2405 MARSHALLFIELD LN, Unit B",REDONDO BEACH,CA,90278,151.1007
-9027696517494863966,2345254.0,2345254.0,2298348.92,905 BLOSSOM LN,REDONDO BEACH,CA,90278,234.5254
8362453402471754325,1311525.0,1311525.0,1285294.5,1618 SPRECKELS LN,REDONDO BEACH,CA,90278,131.1525
-7551746237279177912,0.0,0.0,0.0,"1817 CLARK LN, Unit B",REDONDO BEACH,CA,90278,0.0
-2595453560418435959,1373714.0,1373714.0,1346239.72,1517 STEINHART AVE,REDONDO BEACH,CA,90278,137.3714
87126315048530929,1077108.0,1077108.0,1055565.84,1317 AVIATION BLVD,REDONDO BEACH,CA,90278,107.7108
-7102536193538995518,3051927.0,3051927.0,2990888.46,1520 11TH ST,MANHATTAN BEACH,CA,90266,305.1927
5381248311024057911,1095444.0,1095444.0,1073535.1199999999,"1417 12TH ST, Unit 9",MANHATTAN BEACH,CA,90266,109.5444
-8574809150650820974,3442059.0,3442059.0,3373217.82,1158 MAGNOLIA AVE,MANHATTAN BEACH,CA,90266,344.2059
2528558097375568143,6148898.0,6148898.0,6025920.04,812 8TH ST,MANHATTAN BEACH,CA,90266,614.8898
-7680021556467688134,3617674.0,3617674.0,3545320.52,648 LONGFELLOW AVE,HERMOSA BEACH,CA,90254,361.7674
-508660951191328875,0.0,0.0,0.0,528 15TH ST,MANHATTAN BEACH,CA,90266,0.0
3087696528811064192,1788227.0,1788227.0,1752462.46,568 ROSECRANS AVE,MANHATTAN BEACH,CA,90266,178.8227
1428558334194966727,2877082.0,2877082.0,2819540.36,3516 ALMA AVE,MANHATTAN BEACH,CA,90266,287.7082
-7302406996125780862,3470199.0,3470199.0,3400795.02,534 MARINE AVE,MANHATTAN BEACH,CA,90266,347.0199
7858943449357260338,2137243.0,2137243.0,2094498.14,"1308 OCEAN DR, Unit A",MANHATTAN BEACH,CA,90266,213.7243
1760581106490941306,0.0,0.0,0.0,235 33RD ST,HERMOSA BEACH,CA,90254,0.0
-1115189952022899125,0.0,0.0,0.0,235 33RD ST,HERMOSA BEACH,CA,90254,0.0
-9068071190216917272,816864.0,816864.0,800526.72,"1720 ARDMORE AVE, Unit 305",HERMOSA BEACH,CA,90254,81.6864
3631824136593171729,1852639.0,1852639.0,1815586.22,1240 17TH ST,HERMOSA BEACH,CA,90254,185.2639
-6411672103450618372,3853317.0,3853317.0,3776250.66,645 10TH ST,HERMOSA BEACH,CA,90254,385.3317
-1029994814739286599,0.0,0.0,0.0,8947 HUBBARD ST,CULVER CITY,CA,90232,0.0
-7953457474942225390,2106725.0,2106725.0,2064590.5,4023 LINCOLN AVE,CULVER CITY,CA,90232,210.6725
7447136206694522903,1564758.0,1564758.0,1533462.84,"4073 LINCOLN AVE, Unit 2",CULVER CITY,CA,90232,156.4758
7665528372347450569,1214202.0,1214202.0,1189917.96,3850 WESTWOOD BLVD,CULVER CITY,CA,90232,121.4202
-8369884828009002002,946139.0,946139.0,927216.22,"13044 PACIFIC PROMENADE, Unit 220",PLAYA VISTA,CA,90094,94.6139
8481489780539749648,1519271.0,1519271.0,1488885.58,"5350 PLAYA VISTA DR, Unit 27",PLAYA VISTA,CA,90094,151.9271
5016802928990197132,1467102.0,1467102.0,1437759.96,"5935 PLAYA VISTA DR, Unit 316",PLAYA VISTA,CA,90094,146.7102
-8629931160365448976,961705.0,961705.0,942470.9,"13200 PACIFIC PROMENADE, Unit 237",PLAYA VISTA,CA,90094,96.1705
-8112564862644013808,1388399.0,1388399.0,1360631.02,"12975 AGUSTIN PL, Unit 321",PLAYA VISTA,CA,90094,138.8399
2082532768766529547,1356583.0,1356583.0,1329451.34,"13044 MINDANAO WAY, Unit 3",MARINA DEL REY,CA,90292,135.6583
-8688054617891623486,1040473.0,1040473.0,1019663.54,"4515 ALLA RD, Unit 2",MARINA DEL REY,CA,90292,104.0473
6010131228689305282,1289843.0,1289843.0,1264046.14,"4317 ALLA RD, Unit 1",MARINA DEL REY,CA,90292,128.9843
967886858985030782,1088239.0,1088239.0,1066474.22,"5215 SEPULVEDA BLVD, Unit 17A",CULVER CITY,CA,90230,108.8239
3737108412674024124,2405552.0,2405552.0,2357440.96,4342 COOLIDGE AVE,LOS ANGELES,CA,90066,240.5552
7454331711491116467,1307083.0,1307083.0,1280941.34,12926 BONAPARTE AVE,LOS ANGELES,CA,90066,130.7083
2110655419068946613,1474858.0,1474858.0,1445360.84,3602 VIA DOLCE,MARINA DEL REY,CA,90292,147.4858
-83422966510336511,5241924.0,5241924.0,5137085.52,2411 OCEAN FRONT WALK,VENICE,CA,90291,524.1924
1700196558753378515,4471589.0,4471589.0,4382157.22,434 CARROLL CANAL,VENICE,CA,90291,447.1589
5977389775537851437,3184498.0,3184498.0,3120808.04,214 LINNIE CANAL,VENICE,CA,90291,318.4498
-5936254323909054801,3078235.0,3078235.0,3016670.3,726 HOWARD ST,MARINA DEL REY,CA,90292,307.8235
6965185449375546667,0.0,0.0,0.0,744 HOWARD ST,MARINA DEL REY,CA,90292,0.0
-692713515783790733,2264379.0,2264379.0,2219091.42,917 HOWARD ST,MARINA DEL REY,CA,90292,226.4379
7178704719707586067,1226041.0,1226041.0,1201520.18,"13650 MARINA POINTE DR, Unit 908",MARINA DEL REY,CA,90292,122.6041
5454900477383141565,792507.0,792507.0,776656.86,"4040 GRAND VIEW BLVD, Unit 89",LOS ANGELES,CA,90066,79.2507
-3087178497291184800,1525592.0,1525592.0,1495080.16,4082 SAWTELLE BLVD,LOS ANGELES,CA,90066,152.5592
2004764735397833498,4142531.0,4142531.0,4059680.38,3641 PURDUE AVE,LOS ANGELES,CA,90066,414.2531
5533048998199268648,2244638.0,2244638.0,2199745.2399999998,11912 CHARNOCK RD,LOS ANGELES,CA,90066,224.4638
-2421545036683639799,2514325.0,2514325.0,2464038.5,12536 BARBARA AVE,LOS ANGELES,CA,90066,251.4325
-2205436699859210636,1068892.0,1068892.0,1047514.16,"12411 PACIFIC AVE, Unit 305",LOS ANGELES,CA,90066,106.8892
-4389624846266087399,2008089.0,2008089.0,1967927.22,2439 LOUELLA AVE,VENICE,CA,90291,200.8089
8803313611712753919,1609509.0,1609509.0,1577318.82,3905 BEETHOVEN ST,LOS ANGELES,CA,90066,160.9509
107144636519119194,1582477.0,1582477.0,1550827.46,107 CLUBHOUSE AVE,VENICE,CA,90291,158.2477
8041375364317164524,1730524.0,1730524.0,1695913.52,538 RIALTO AVE,VENICE,CA,90291,173.0524
301236725970145015,2139169.0,2139169.0,2096385.6199999999,649 INDIANA AVE,VENICE,CA,90291,213.9169
-1374473731030606858,0.0,0.0,0.0,2014 GLYNDON AVE,VENICE,CA,90291,0.0
-477581058526685065,2405427.0,2405427.0,2357318.46,2228 WALNUT AVE,VENICE,CA,90291,240.5427
-661329304437804010,2091302.0,2091302.0,2049475.96,13139 LAKE ST,LOS ANGELES,CA,90066,209.1302
287147503274416750,1422592.0,1422592.0,1394140.16,2022 WALGROVE AVE,LOS ANGELES,CA,90066,142.2592
4436287201893869924,0.0,0.0,0.0,3783 ROSEWOOD AVE,LOS ANGELES,CA,90066,0.0
-1323338997633572597,1787359.0,1787359.0,1751611.82,3771 ASHWOOD AVE,LOS ANGELES,CA,90066,178.7359
-190453710309578584,4358347.0,4358347.0,4271180.06,3600 MAY ST,LOS ANGELES,CA,90066,435.8347
8045637004444636856,0.0,0.0,0.0,12665 VENICE BLVD,LOS ANGELES,CA,90066,0.0
3182187736120682645,1893015.0,1893015.0,1855154.7,12657 DEWEY ST,LOS ANGELES,CA,90066,189.3015
8880790908630471566,2555787.0,2555787.0,2504671.26,12548 EVERGLADE ST,LOS ANGELES,CA,90066,255.5787
4462848077687550747,0.0,0.0,0.0,12013 DEWEY ST,LOS ANGELES,CA,90066,0.0
269794328987159974,0.0,0.0,0.0,3594 MOUNTAIN VIEW AVE,LOS ANGELES,CA,90066,0.0
-6022146191077577107,2093398.0,2093398.0,2051530.04,3480 STONER AVE,LOS ANGELES,CA,90066,209.3398
6113317939303886594,0.0,0.0,0.0,3530 BARRY AVE,LOS ANGELES,CA,90066,0.0
7636555069963936059,5137306.0,5137306.0,5034559.88,3215 FEDERAL AVE,LOS ANGELES,CA,90066,513.7306
533431438831546840,2296036.0,2296036.0,2250115.28,3709 GREENFIELD AVE,LOS ANGELES,CA,90034,229.6036
-5670749503105735450,2164894.0,2164894.0,2121596.12,10845 QUEENSLAND ST,LOS ANGELES,CA,90034,216.4894
-2468243895930408885,1369196.0,1369196.0,1341812.08,2742 GREENFIELD AVE,LOS ANGELES,CA,90064,136.9196
-4106468497512480761,2233561.0,2233561.0,2188889.78,2613 MILITARY AVE,LOS ANGELES,CA,90064,223.3561
-3814543044702956512,0.0,0.0,0.0,1743 BUTLER AVE,LOS ANGELES,CA,90025,0.0
-266325900500588386,796447.0,796447.0,780518.0599999999,"1700 SAWTELLE BLVD, Unit 321",LOS ANGELES,CA,90025,79.6447
-4513328224110863263,1232999.0,1232999.0,1208339.02,11672 MISSOURI AVE,LOS ANGELES,CA,90025,123.2999
-2793131237382498124,1236931.0,1236931.0,1212192.38,"1271 GRANVILLE AVE, Unit 404",LOS ANGELES,CA,90025,123.6931
1552614069012851192,5783518.0,5783518.0,5667847.64,912 PRINCETON ST,SANTA MONICA,CA,90403,578.3518
679110896391169149,5054381.0,5054381.0,4953293.38,1059 PRINCETON ST,SANTA MONICA,CA,90403,505.4381
8294492359551472282,0.0,0.0,0.0,2803 ARIZONA AVE,SANTA MONICA,CA,90404,0.0
350841749717796864,1731083.0,1731083.0,1696461.34,2904 DELAWARE AVE,SANTA MONICA,CA,90404,173.1083
-3995144096418706113,1557987.0,1557987.0,1526827.26,2958 DELAWARE AVE,SANTA MONICA,CA,90404,155.7987
7784427791059730638,2536189.0,2536189.0,2485465.2199999997,2311 30TH ST,SANTA MONICA,CA,90405,253.6189
8219155783082216322,2466992.0,2466992.0,2417652.16,2509 CLOVERFIELD BLVD,SANTA MONICA,CA,90405,246.6992
2633288628327632418,0.0,0.0,0.0,2404 23RD ST,SANTA MONICA,CA,90405,0.0
8748494944757315418,798760.0,798760.0,782784.7999999999,"1440 23RD ST, Unit 210",SANTA MONICA,CA,90404,79.876
-187931542712375266,1353711.0,1353711.0,1326636.78,"1227 24TH ST, Unit D",SANTA MONICA,CA,90404,135.3711
6128983321123298647,994769.0,994769.0,974873.62,"1231 24TH ST, Unit 3",SANTA MONICA,CA,90404,99.4769
-2745705936680851789,1412669.0,1412669.0,1384415.6199999999,"945 21ST ST, Unit 12",SANTA MONICA,CA,90403,141.2669
7148115262918731100,6335729.0,6335729.0,6209014.42,1629 GEORGINA AVE,SANTA MONICA,CA,90402,633.5729
5218019395832343116,0.0,0.0,0.0,1443 9TH ST,SANTA MONICA,CA,90401,0.0
1749235459492780103,0.0,0.0,0.0,1437 9TH ST,SANTA MONICA,CA,90401,0.0
-2186855031016821652,703245.0,703245.0,689180.1,"2909 10TH ST, Unit 4",SANTA MONICA,CA,90405,70.3245
8321630943433353748,2645571.0,2645571.0,2592659.58,3024 GLENN AVE,SANTA MONICA,CA,90405,264.5571
-7435303592384810613,1757638.0,1757638.0,1722485.24,"2432 7TH ST, Unit 4",SANTA MONICA,CA,90405,175.7638
7104952473313459003,801986.0,801986.0,785946.28,"717 RAYMOND AVE, Unit 4",SANTA MONICA,CA,90405,80.1986
4907184798510949634,2633406.0,2633406.0,2580737.88,443 BAY ST,SANTA MONICA,CA,90405,263.3406
6285870911874587715,0.0,0.0,0.0,314 BICKNELL AVE,SANTA MONICA,CA,90405,0.0
3797642664291074031,774956.0,774956.0,759456.88,"222 7TH ST, Unit 110",SANTA MONICA,CA,90402,77.4956
-7305325458332706139,1699057.0,1699057.0,1665075.8599999999,"31 SPINNAKER ST, Unit 201",MARINA DEL REY,CA,90292,169.9057
-5505127885775973923,521952.0,521952.0,511512.95999999996,8108 RAINTREE CIR,CULVER CITY,CA,90230,52.1952
5302469899767751954,489702.0,489702.0,479907.95999999996,4107 SUMMERTIME LN,CULVER CITY,CA,90230,48.9702
151896457458956058,4256891.0,4256891.0,4171753.1799999997,1749 S BEDFORD ST,LOS ANGELES,CA,90035,425.6891
-1576485563972799251,3939704.0,3939704.0,3860909.92,2802 FORRESTER DR,LOS ANGELES,CA,90064,393.9704
-4485972060231713316,1848639.0,1848639.0,1811666.22,3358 BAGLEY AVE,LOS ANGELES,CA,90034,184.8639
-6688303592537460397,0.0,0.0,0.0,3655 MOTOR AVE,LOS ANGELES,CA,90034,0.0
-6989857691221535940,1763769.0,1763769.0,1728493.6199999999,10372 TENNESSEE AVE,LOS ANGELES,CA,90064,176.3769
3532432119662251731,923253.0,923253.0,904787.94,"2307 FOX HILLS DR, Unit 201",LOS ANGELES,CA,90064,92.3253
-5445685186130907313,1338731.0,1338731.0,1311956.38,"1838 WESTHOLME AVE, Unit 5",LOS ANGELES,CA,90025,133.8731
220398861920549779,3548113.0,3548113.0,3477150.7399999998,10356 NORTHVALE RD,LOS ANGELES,CA,90064,354.8113
-1718499393028815443,946308.0,946308.0,927381.84,"1914 SELBY AVE, Unit 302",LOS ANGELES,CA,90025,94.6308
5789380638987454197,1850496.0,1850496.0,1813486.08,2115 SELBY AVE,LOS ANGELES,CA,90025,185.0496
-5665098865615518004,1458304.0,1458304.0,1429137.92,2119 OVERLAND AVE,LOS ANGELES,CA,90025,145.8304
83392469047115429,1316685.0,1316685.0,1290351.3,"11033 MASSACHUSETTS AVE, Unit 5",LOS ANGELES,CA,90025,131.6685
3274517424550936504,0.0,0.0,0.0,"10776 WILSHIRE BLVD, Unit 1402",LOS ANGELES,CA,90024,0.0
-2615170247314110751,1360259.0,1360259.0,1333053.82,"10720 OHIO AVE, Unit 5",LOS ANGELES,CA,90024,136.0259
-8528790884038565794,1152470.0,1152470.0,1129420.6,"10600 WILKINS AVE, Unit 1A",LOS ANGELES,CA,90024,115.247
2570333982812902337,1737275.0,1737275.0,1702529.5,"10580 WILSHIRE BLVD, Unit 23",LOS ANGELES,CA,90024,173.7275
7737328660491110787,1339263.0,1339263.0,1312477.74,"10490 WILSHIRE BLVD, Unit 1005",LOS ANGELES,CA,90024,133.9263
-5904514408321189693,2368959.0,2368959.0,2321579.82,10383 ROCHESTER AVE,LOS ANGELES,CA,90024,236.8959
-5152484793475025709,0.0,0.0,0.0,1301 DEVON AVE,LOS ANGELES,CA,90024,0.0
7975246471181061850,1148717.0,1148717.0,1125742.66,"2102 CENTURY PARK LN, Unit 217",LOS ANGELES,CA,90067,114.8717
-2053380549682818907,1072683.0,1072683.0,1051229.34,"9848 VIDOR DR, Unit 302",LOS ANGELES,CA,90035,107.2683
7609406240341255079,1842825.0,1842825.0,1805968.5,"261 S REEVES DR, Unit 201",BEVERLY HILLS,CA,90212,184.2825
7804534013959428263,2200740.0,2200740.0,2156725.2,459 S LA PEER DR,BEVERLY HILLS,CA,90211,220.074
-3786180334704505706,4538479.0,4538479.0,4447709.42,110 N OAKHURST DR,BEVERLY HILLS,CA,90210,453.8479
7599809779708148219,4801064.0,4801064.0,4705042.72,123 N DOHENY DR,BEVERLY HILLS,CA,90211,480.1064
5849271823986618422,1194176.0,1194176.0,1170292.48,8576 RUGBY DR,WEST HOLLYWOOD,CA,90069,119.4176
1632627759878567786,526016.0,526016.0,515495.68,"837 N WEST KNOLL DR, Unit 204",WEST HOLLYWOOD,CA,90069,52.6016
-7905504225260004584,1335314.0,1335314.0,1308607.72,907 LARRABEE ST,WEST HOLLYWOOD,CA,90069,133.5314
-5702437325940002488,2214864.0,2214864.0,2170566.7199999997,908 N SAN VICENTE BLVD,WEST HOLLYWOOD,CA,90069,221.4864
3467806145229807099,820008.0,820008.0,803607.84,"851 N SAN VICENTE BLVD, Unit 205",WEST HOLLYWOOD,CA,90069,82.0008
5627657284714038174,1012337.0,1012337.0,992090.26,"8960 CYNTHIA ST, Unit CL1",WEST HOLLYWOOD,CA,90069,101.2337
-3292413248534758337,3035294.0,3035294.0,2974588.12,"325 N OAKHURST DR, Unit 300",BEVERLY HILLS,CA,90210,303.5294
6483099711390516423,0.0,0.0,0.0,432 N PALM DR,BEVERLY HILLS,CA,90210,0.0
6988744887301613077,3164199.0,3164199.0,3100915.02,1264 BENEDICT CANYON DR,BEVERLY HILLS,CA,90210,316.4199
-2825999987692450963,3432539.0,3432539.0,3363888.2199999997,1300 SUMMITRIDGE DR,BEVERLY HILLS,CA,90210,343.2539
2386757281980327038,2979053.0,2979053.0,2919471.94,1300 SUMMITRIDGE DR,BEVERLY HILLS,CA,90210,297.9053
2608349721029128,0.0,0.0,0.0,1414 DONHILL DR,BEVERLY HILLS,CA,90210,0.0
4555244875683197525,5993980.0,5993980.0,5874100.399999999,1534 N BEVERLY DR,BEVERLY HILLS,CA,90210,599.398
2973422479799290158,3938760.0,3938760.0,3859984.8,1300 SHADYBROOK DR,BEVERLY HILLS,CA,90210,393.876
1929547804569641467,654108.0,654108.0,641025.84,"10751 WILSHIRE BLVD, Unit 1106",LOS ANGELES,CA,90024,65.4108
2491559922141918150,0.0,0.0,0.0,218 STRADA CORTA RD,LOS ANGELES,CA,90077,0.0
5732396183455696750,601767.0,601767.0,589731.66,"10982 ROEBLING AVE, Unit 327",LOS ANGELES,CA,90024,60.1767
5105766617642193286,696884.0,696884.0,682946.32,"11044 OPHIR DR, Unit 503",LOS ANGELES,CA,90024,69.6884
4412399219620213908,0.0,0.0,0.0,837 LINDA FLORA DR,LOS ANGELES,CA,90049,0.0
-1063526722786146001,0.0,0.0,0.0,10690 SOMMA WAY,LOS ANGELES,CA,90077,0.0
-647944478234589610,7491346.0,7491346.0,7341519.08,1744 STONE CANYON RD,LOS ANGELES,CA,90077,749.1346
383611684807161601,2142033.0,2142033.0,2099192.34,2611 ANGELO DR,LOS ANGELES,CA,90077,214.2033
2395635402884910292,2945304.0,2945304.0,2886397.92,2044 BENEDICT CANYON DR,BEVERLY HILLS,CA,90210,294.5304
-2950497468248314705,0.0,0.0,0.0,71 BEVERLY PARK,BEVERLY HILLS,CA,90210,0.0
441549787822778565,3280105.0,3280105.0,3214502.9,2285 BETTY LN,BEVERLY HILLS,CA,90210,328.0105
9051009057495710671,4117479.0,4117479.0,4035129.42,2265 BOWMONT DR,BEVERLY HILLS,CA,90210,411.7479
2734992231525418284,4780619.0,4780619.0,4685006.62,"9255 DOHENY RD, Unit 2006",WEST HOLLYWOOD,CA,90069,478.0619
4053853862869919641,0.0,0.0,0.0,110 S WESTGATE AVE,LOS ANGELES,CA,90049,0.0
-717773308116507948,1453441.0,1453441.0,1424372.18,"11687 MONTANA AVE, Unit 209",LOS ANGELES,CA,90049,145.3441
6073520206195862195,7409594.0,7409594.0,7261402.12,315 S GRETNA GREEN WAY,LOS ANGELES,CA,90049,740.9594
8174174814696513931,3858232.0,3858232.0,3781067.36,408 SYCAMORE RD,SANTA MONICA,CA,90402,385.8232
-7572226837872205312,4909246.0,4909246.0,4811061.08,735 OCAMPO DR,PACIFIC PALISADES,CA,90272,490.9246
-3238575803515638836,0.0,0.0,0.0,800 RADCLIFFE AVE,PACIFIC PALISADES,CA,90272,0.0
2643918514196357900,0.0,0.0,0.0,15229 DE PAUW ST,PACIFIC PALISADES,CA,90272,0.0
-8388242812135456139,3044155.0,3044155.0,2983271.9,544 ARBRAMAR AVE,PACIFIC PALISADES,CA,90272,304.4155
-1835290501515679790,0.0,0.0,0.0,566 TAHQUITZ PL,PACIFIC PALISADES,CA,90272,0.0
-2.0556671329555123e+18,0.0,0.0,0.0,346 Bud Ford Trail,PACIFIC PALISADES,CA,90272,0.0
-3.673442562261414e+18,0.0,0.0,0.0,403 Pleasant Meadows Cove,PACIFIC PALISADES,CA,90272,0.0
-7322583640229532947,0.0,0.0,0.0,16625 MARQUEZ TER,PACIFIC PALISADES,CA,90272,0.0
5336468477486243668,0.0,0.0,0.0,1331 GOUCHER ST,PACIFIC PALISADES,CA,90272,0.0
5641112852957094974,0.0,0.0,0.0,1116 GALLOWAY ST,PACIFIC PALISADES,CA,90272,0.0
-5956474384870191666,0.0,0.0,0.0,858 FISKE ST,PACIFIC PALISADES,CA,90272,0.0
-4590669912721773737,4819857.0,4819857.0,4723459.86,1892 KIMBERLY LN,LOS ANGELES,CA,90049,481.9857
-1535395509272331496,2939557.0,2939557.0,2880765.86,1002 N BUNDY DR,LOS ANGELES,CA,90049,293.9557
-2232857765671084548,0.0,0.0,0.0,1169 CUMBRE ALTA CT,PACIFIC PALISADES,CA,90272,0.0
-1059637484754268760,0.0,0.0,0.0,2693 OLD TOPANGA CANYON RD,TOPANGA,CA,90290,0.0
3395143919971232590,2323507.0,2323507.0,2277036.86,2655 TOPANGA SKYLINE DR,TOPANGA,CA,90290,232.3507
141392533539329167,1846975.0,1846975.0,1810035.5,1996 TOPANGA SKYLINE DR,TOPANGA,CA,90290,184.6975
567014567933726169,0.0,0.0,0.0,18461 CLIFFTOP WAY,MALIBU,CA,90265,0.0
5537302090292707835,1698094.0,1698094.0,1664132.1199999999,20730 HILLSIDE DR,TOPANGA,CA,90290,169.8094
-8653276725283150271,2843932.0,2843932.0,2787053.36,328 POQUITO LN,TOPANGA,CA,90290,284.3932
2317714770766851114,3794690.0,3794690.0,3718796.1999999997,3400 CORDOVA DR,CALABASAS,CA,91302,379.469
-5102597905510038545,2424851.0,2424851.0,2376353.98,26160 FAIRSIDE RD,MALIBU,CA,90265,242.4851
-8953487776625810495,653075.0,653075.0,640013.5,24504 MARIPOSA CIR,MALIBU,CA,90265,65.3075
6392803880500913970,1362265.0,1362265.0,1335019.7,"26668 SEAGULL WAY, Unit D106",MALIBU,CA,90265,136.2265
-8877381342108114388,653416.0,653416.0,640347.6799999999,1320 W 51ST PL,LOS ANGELES,CA,90037,65.3416
7113983707583673450,683814.0,683814.0,670137.72,1020 W 55TH ST,LOS ANGELES,CA,90037,68.3814
-7837809100484191980,855356.0,855356.0,838248.88,5414 HILLCREST DR,LOS ANGELES,CA,90043,85.5356
-8361352083332117491,2082610.0,2082610.0,2040957.8,3671 AUREOLA BLVD,VIEW PARK,CA,90008,208.261
135294099725707591,766256.0,766256.0,750930.88,4423 3RD AVE,LOS ANGELES,CA,90043,76.6256
-4945052883113058212,889545.0,889545.0,871754.1,1857 W 41ST ST,LOS ANGELES,CA,90062,88.9545
8297570658379626976,841962.0,841962.0,825122.76,4243 MCCLUNG DR,LOS ANGELES,CA,90008,84.1962
6949162536631168125,791496.0,791496.0,775666.08,5309 VILLAGE GRN,LOS ANGELES,CA,90016,79.1496
-4055931272680486328,1076194.0,1076194.0,1054670.1199999999,3877 CHERRYWOOD AVE,LOS ANGELES,CA,90008,107.6194
5609497645833054182,833734.0,833734.0,817059.32,1294 W 37TH PL,LOS ANGELES,CA,90007,83.3734
8036443631498007266,0.0,0.0,0.0,1529 W 35TH PL,LOS ANGELES,CA,90018,0.0
-341353186643911318,781767.0,781767.0,766131.66,3740 S HARVARD BLVD,LOS ANGELES,CA,90018,78.1767
-6646035392775747368,1080764.0,1080764.0,1059148.72,3712 VIRGINIA RD,LOS ANGELES,CA,90016,108.0764
-5901720086850075090,880190.0,880190.0,862586.2,3630 CHESAPEAKE AVE,LOS ANGELES,CA,90016,88.019
-4403997816403041507,1264139.0,1264139.0,1238856.22,2902 WEST BLVD,LOS ANGELES,CA,90016,126.4139
-55673695019738393,1287100.0,1287100.0,1261358.0,2907 HALLDALE AVE,LOS ANGELES,CA,90018,128.71
-313099665490281113,736326.0,736326.0,721599.48,2924 S NORMANDIE AVE,LOS ANGELES,CA,90007,73.6326
7757582603683418794,0.0,0.0,0.0,1438 W 25TH ST,LOS ANGELES,CA,90007,0.0
-5501627827874035378,751795.0,751795.0,736759.1,4811 FERNDALE ST,LOS ANGELES,CA,90016,75.1795
-114416936061538678,0.0,0.0,0.0,1929 ARLINGTON AVE,LOS ANGELES,CA,90018,0.0
-3661879540668058392,837805.0,837805.0,821048.9,2022 WEST BLVD,LOS ANGELES,CA,90016,83.7805
-3906378240614706868,1017298.0,1017298.0,996952.04,2209 WEST BLVD,LOS ANGELES,CA,90016,101.7298
-824635498433685176,1020427.0,1020427.0,1000018.46,5518 VENICE BLVD,LOS ANGELES,CA,90019,102.0427
-824587493112848556,1763829.0,1763829.0,1728552.42,1500 S POINT VIEW ST,LOS ANGELES,CA,90035,176.3829
-608759879130198377,0.0,0.0,0.0,1420 S OGDEN DR,LOS ANGELES,CA,90019,0.0
-60267135200522211,0.0,0.0,0.0,1434 S ORANGE DR,LOS ANGELES,CA,90019,0.0
-446926913718393221,0.0,0.0,0.0,1533 3RD AVE,LOS ANGELES,CA,90019,0.0
-5003541606659407371,0.0,0.0,0.0,1632 S VAN NESS AVE,LOS ANGELES,CA,90019,0.0
-8752332780861567493,698463.0,698463.0,684493.74,"940 ELDEN AVE, Unit 402",LOS ANGELES,CA,90006,69.8463
5802444058496403468,0.0,0.0,0.0,1204 S ARDMORE AVE,LOS ANGELES,CA,90006,0.0
-2033651300068785497,0.0,0.0,0.0,1214 S NORTON AVE,LOS ANGELES,CA,90019,0.0
5128023310583602218,1875705.0,1875705.0,1838190.9,1324 S VICTORIA AVE,LOS ANGELES,CA,90019,187.5705
224787757838057503,1796457.0,1796457.0,1760527.8599999999,1027 S HUDSON AVE,LOS ANGELES,CA,90019,179.6457
2705974796202946662,0.0,0.0,0.0,1251 WEST BLVD,LOS ANGELES,CA,90019,0.0
-3324160309439050923,2367136.0,2367136.0,2319793.28,847 S LONGWOOD AVE,LOS ANGELES,CA,90005,236.7136
2977776347871569303,0.0,0.0,0.0,846 S SYCAMORE AVE,LOS ANGELES,CA,90036,0.0
2781742356230900905,0.0,0.0,0.0,4916 W 12TH ST,LOS ANGELES,CA,90019,0.0
-3822738556669208514,0.0,0.0,0.0,1128 MASSELIN AVE,LOS ANGELES,CA,90019,0.0
1809725385539225504,3772811.0,3772811.0,3697354.78,829 KENISTON AVE,LOS ANGELES,CA,90005,377.2811
7978672857367209089,2222585.0,2222585.0,2178133.3,842 S RIMPAU BLVD,LOS ANGELES,CA,90005,222.2585
-1136118677038826340,758198.0,758198.0,743034.04,"835 S LUCERNE BLVD, Unit 109",LOS ANGELES,CA,90005,75.8198
-2602490689619610341,1700534.0,1700534.0,1666523.32,827 LORRAINE BLVD,LOS ANGELES,CA,90005,170.0534
-4221098692175306138,0.0,0.0,0.0,911 E 55TH ST,LOS ANGELES,CA,90011,0.0
-7466830744705441941,488284.0,488284.0,478518.32,5400 HOOPER AVE,LOS ANGELES,CA,90011,48.8284
7789995738779171935,836252.0,836252.0,819526.96,332 W 48TH ST,LOS ANGELES,CA,90037,83.6252
8579041226077721046,0.0,0.0,0.0,2100 BONSALLO AVE,LOS ANGELES,CA,90007,0.0
-8802642257737515043,766121.0,766121.0,750798.58,1734 S BURLINGTON AVE,LOS ANGELES,CA,90006,76.6121
4259134624277669430,538956.0,538956.0,528176.88,"2311 W 10TH ST, Unit 104",LOS ANGELES,CA,90006,53.8956
3717206562810886106,1127611.0,1127611.0,1105058.78,"1100 S HOPE ST, Unit 801",LOS ANGELES,CA,90015,112.7611
4294428010693962517,346192.0,346192.0,339268.16,"630 W 6TH ST, Unit 216",LOS ANGELES,CA,90017,34.6192
8228339569172359859,0.0,0.0,0.0,3006 W 2ND ST,LOS ANGELES,CA,90057,0.0
9080743753874940442,535915.0,535915.0,525196.7,"256 S LA FAYETTE PARK PL, Unit 104",LOS ANGELES,CA,90057,53.5915
-5087481108866538004,990110.0,990110.0,970307.7999999999,232 N CORONADO ST,LOS ANGELES,CA,90026,99.011
-3979388678783368895,640415.0,640415.0,627606.7,941 N EVERGREEN AVE,LOS ANGELES,CA,90033,64.0415
-458310245418856122,0.0,0.0,0.0,532 S BERNAL AVE,LOS ANGELES,CA,90063,0.0
-2786208774772028062,648301.0,648301.0,635334.98,956 MARIETTA ST,LOS ANGELES,CA,90023,64.8301
-4461280330436217543,690316.0,690316.0,676509.6799999999,1179 MIRASOL ST,LOS ANGELES,CA,90023,69.0316
-6757919077908757588,856173.0,856173.0,839049.54,2701 MANITOU AVE,LOS ANGELES,CA,90031,85.6173
-1424685358194546442,0.0,0.0,0.0,2617 PASADENA AVE,LOS ANGELES,CA,90031,0.0
-4582465384353998184,988103.0,988103.0,968340.94,509 E AVENUE 39,LOS ANGELES,CA,90031,98.8103
-989112296713644598,749001.0,749001.0,734020.98,3322 MINTO CT,LOS ANGELES,CA,90032,74.9001
-1665291263764548403,154338.0,154338.0,151251.24,4649 ZANE ST,LOS ANGELES,CA,90032,15.4338
-1833947709222431080,727121.0,727121.0,712578.58,4435 GATESIDE DR,LOS ANGELES,CA,90032,72.7121
-5665047296153588409,195852.0,195852.0,191934.96,5074 LA CALANDRIA DR,LOS ANGELES,CA,90032,19.5852
3546204107149393987,0.0,0.0,0.0,5078 LA CALANDRIA DR,LOS ANGELES,CA,90032,0.0
6322419956916847649,0.0,0.0,0.0,5213 NAVARRO ST,LOS ANGELES,CA,90032,0.0
5968971848002393893,467383.0,467383.0,458035.33999999997,"2307 LILLYVALE AVE, Unit 168",LOS ANGELES,CA,90032,46.7383
-2949324194863225127,851852.0,851852.0,834814.96,4907 O SULLIVAN DR,LOS ANGELES,CA,90032,85.1852
-2368571562217344470,783836.0,783836.0,768159.28,1169 N EASTMAN AVE,LOS ANGELES,CA,90063,78.3836
-5346662302657680575,520234.0,520234.0,509829.32,1211 STRINGER AVE,LOS ANGELES,CA,90063,52.0234
-6937319040145154869,641923.0,641923.0,629084.54,320 N ARIZONA AVE,LOS ANGELES,CA,90022,64.1923
7.778684256690521e+18,0.0,0.0,0.0,651 W Santa Rita Street 567,LOS ANGELES,CA,90022,0.0
-3.628169009335898e+18,0.0,0.0,0.0,200 Pine Forest Apt C2 Drive,LOS ANGELES,CA,90022,0.0
-3835970310642276043,0.0,0.0,0.0,1327 S EASTERN AVE,COMMERCE,CA,90040,0.0
8978968879296833360,802358.0,802358.0,786310.84,1106 S DUNCAN AVE,LOS ANGELES,CA,90022,80.2358
-6407006342652315759,766437.0,766437.0,751108.26,2327 ROSCOMMON AVE,MONTEREY PARK,CA,91754,76.6437
8732956177339388421,753802.0,753802.0,738725.96,"126 CASUDA CANYON DR, Unit D",MONTEREY PARK,CA,91754,75.3802
2471845613583761744,793979.0,793979.0,778099.42,"600 N ATLANTIC BLVD, Unit 420",MONTEREY PARK,CA,91754,79.3979
720400407328436552,412989.0,412989.0,404729.22,"411 S GARFIELD AVE, Unit 72",MONTEREY PARK,CA,91754,41.2989
7103232493656597648,450559.0,450559.0,441547.82,"918 W GARVEY AVE, Unit 217",MONTEREY PARK,CA,91754,45.0559
2503159892142320413,602583.0,602583.0,590531.34,625 FINDLAY AVE,MONTEBELLO,CA,90640,60.2583
-3044448223988100927,758740.0,758740.0,743565.2,2920 VIA SAN DELARRO,MONTEBELLO,CA,90640,75.874
-8600568243419262406,878656.0,878656.0,861082.88,121 W AVENIDA DE LA MERCED,MONTEBELLO,CA,90640,87.8656
-2586529358013580634,509996.0,509996.0,499796.08,"8939 GALLATIN RD, Unit 104",PICO RIVERA,CA,90660,50.9996
4327370446791800143,0.0,0.0,0.0,325 W FLORAL DR,MONTEREY PARK,CA,91754,0.0
-8256617614982065266,1084675.0,1084675.0,1062981.5,237 CORAL VIEW ST,MONTEREY PARK,CA,91755,108.4675
-6398996337468423883,879558.0,879558.0,861966.84,653 N VICTORIA AVE,MONTEBELLO,CA,90640,87.9558
4040466862627806124,648634.0,648634.0,635661.32,"1056 WALNUT GROVE AVE, Unit E",ROSEMEAD,CA,91770,64.8634
1769848874677507169,927714.0,927714.0,909159.72,2600 FALLING LEAF AVE,ROSEMEAD,CA,91770,92.7714
6495418459565287190,822538.0,822538.0,806087.24,7618 HELLMAN AVE,ROSEMEAD,CA,91770,82.2538
3313334316173063599,1106337.0,1106337.0,1084210.26,629 LA PALOMA AVE,ALHAMBRA,CA,91801,110.6337
-2165443904985002088,1051089.0,1051089.0,1030067.22,1756 MILANO,MONTEBELLO,CA,90640,105.1089
2413378849872714374,811667.0,811667.0,795433.66,3842 LOMITAS DR,LOS ANGELES,CA,90032,81.1667
4679258299411936776,807002.0,807002.0,790861.96,3526 SIERRA ST,LOS ANGELES,CA,90031,80.7002
-7832309937019855479,846832.0,846832.0,829895.36,3970 BARRETT RD,LOS ANGELES,CA,90032,84.6832
5228596468931860508,2553733.0,2553733.0,2502658.34,1611 VIA DEL REY,SOUTH PASADENA,CA,91030,255.3733
3563072788816220061,1306513.0,1306513.0,1280382.74,908 SUMMIT DR,SOUTH PASADENA,CA,91030,130.6513
-3723145687485379337,1503352.0,1503352.0,1473284.96,325 MONTEREY RD,SOUTH PASADENA,CA,91030,150.3352
-1409872573579433886,1444508.0,1444508.0,1415617.84,1110 MERIDIAN AVE,SOUTH PASADENA,CA,91030,144.4508
267844353813583401,1269669.0,1269669.0,1244275.6199999999,1194 AVOCA AVE,PASADENA,CA,91105,126.9669
2302736044604575484,1883909.0,1883909.0,1846230.82,1559 DIAMOND AVE,SOUTH PASADENA,CA,91030,188.3909
-8096073968219706891,1857203.0,1857203.0,1820058.94,1809 BUSHNELL AVE,SOUTH PASADENA,CA,91030,185.7203
1820593416213217271,648944.0,648944.0,635965.12,"638 N ATLANTIC BLVD, Unit B",ALHAMBRA,CA,91801,64.8944
5914205273479120178,0.0,0.0,0.0,200 E HUNTINGTON DR,ALHAMBRA,CA,91801,0.0
-6890791964139039162,1753695.0,1753695.0,1718621.0999999999,1097 S LOS ROBLES AVE,PASADENA,CA,91106,175.3695
3509344386949541027,3094679.0,3094679.0,3032785.42,1205 S OAK KNOLL AVE,PASADENA,CA,91106,309.4679
2763123718287107494,4101092.0,4101092.0,4019070.16,540 WOODLAND RD,PASADENA,CA,91106,410.1092
-3019866934739436221,1163614.0,1163614.0,1140341.72,967 DALE ST,PASADENA,CA,91106,116.3614
-12622108567346543,5738948.0,5738948.0,5624169.04,1030 CANON DR,SAN MARINO,CA,91108,573.8948
525557275915244423,4811703.0,4811703.0,4715468.9399999995,1660 OAK GROVE AVE,SAN MARINO,CA,91108,481.1703
3274469839543747343,2827843.0,2827843.0,2771286.14,2145 HOMET RD,SAN MARINO,CA,91108,282.7843
7906607472753751,3284703.0,3284703.0,3219008.94,2170 HOMET RD,SAN MARINO,CA,91108,328.4703
5301775639191697088,475390.0,475390.0,465882.2,"2386 E DEL MAR BLVD, Unit 308",PASADENA,CA,91107,47.539
5301775639191697088,595398.0,595398.0,583490.04,"2386 E DEL MAR BLVD, Unit 316",PASADENA,CA,91107,59.5398
815459206341453046,1978959.0,1978959.0,1939379.82,2460 CONISTON PL,SAN MARINO,CA,91108,197.8959
-3057590336568368448,1901517.0,1901517.0,1863486.66,1875 ROSE AVE,SAN MARINO,CA,91108,190.1517
4452725099513245053,1492334.0,1492334.0,1462487.32,1044 COOLIDGE DR,SAN GABRIEL,CA,91775,149.2334
-4993247593826310395,1597920.0,1597920.0,1565961.5999999999,100 N EL MOLINO ST,ALHAMBRA,CA,91801,159.792
-5224831148967546710,815550.0,815550.0,799239.0,1900 W COMMONWEALTH AVE,ALHAMBRA,CA,91803,81.555
-6045089931527973965,0.0,0.0,0.0,801 S ATLANTIC BLVD,ALHAMBRA,CA,91803,0.0
-6167329760716277882,881001.0,881001.0,863380.98,3104 W HELLMAN AVE,ALHAMBRA,CA,91803,88.1001
-8752587658148828352,1025108.0,1025108.0,1004605.84,2124 S CURTIS AVE,ALHAMBRA,CA,91803,102.5108
-4787618688819034253,932302.0,932302.0,913655.96,1705 S FREMONT AVE,ALHAMBRA,CA,91803,93.2302
-5192960195578997613,1031551.0,1031551.0,1010919.98,1812 S GRANADA AVE,ALHAMBRA,CA,91801,103.1551
-7530336731373681263,1164602.0,1164602.0,1141309.96,213 ROSEMONT BLVD,SAN GABRIEL,CA,91775,116.4602
-7775949283601543329,1375902.0,1375902.0,1348383.96,230 GERONA AVE,SAN GABRIEL,CA,91775,137.5902
-4149178072710920820,1553211.0,1553211.0,1522146.78,588 N SAN MARINO AVE,SAN GABRIEL,CA,91775,155.3211
2672857289384511142,1630430.0,1630430.0,1597821.4,468 GERONA AVE,SAN GABRIEL,CA,91775,163.043
2289124519065490899,2375038.0,2375038.0,2327537.2399999998,234 S PINE ST,SAN GABRIEL,CA,91776,237.5038
-5615118185772576991,1028488.0,1028488.0,1007918.24,424 E ANGELENO AVE,SAN GABRIEL,CA,91776,102.8488
-8424292045826561564,1632871.0,1632871.0,1600213.58,512 EL MONTE ST,SAN GABRIEL,CA,91776,163.2871
4341540107419792063,1924172.0,1924172.0,1885688.56,1323 PALM AVE,SAN GABRIEL,CA,91776,192.4172
-6757440955540432903,1355412.0,1355412.0,1328303.76,8310 BEVAN ST,SAN GABRIEL,CA,91775,135.5412
-6516722308542773696,1501114.0,1501114.0,1471091.72,648 SIDNEY AVE,PASADENA,CA,91107,150.1114
648147169656255252,2127487.0,2127487.0,2084937.26,3427 HUNTINGTON DR,PASADENA,CA,91107,212.7487
4803819799940145639,1228617.0,1228617.0,1204044.66,8816 ARDENDALE AVE,SAN GABRIEL,CA,91775,122.8617
-6205081835454729562,1405193.0,1405193.0,1377089.14,617 N VENDOME ST,LOS ANGELES,CA,90026,140.5193
-4272248965145221775,0.0,0.0,0.0,2135 BELLEVUE AVE,LOS ANGELES,CA,90026,0.0
-2247129022379723347,512712.0,512712.0,502457.76,"630 N GRAND AVE, Unit 402",LOS ANGELES,CA,90012,51.2712
356133767152756856,1020714.0,1020714.0,1000299.72,1809 LEMOYNE ST,LOS ANGELES,CA,90026,102.0714
-6219952541617447420,2650338.0,2650338.0,2597331.2399999998,2306 EFFIE ST,LOS ANGELES,CA,90026,265.0338
8036800775902400782,8840191.0,8840191.0,8663387.18,1844 SILVERWOOD TER,LOS ANGELES,CA,90026,884.0191
-5307746122148450838,974540.0,974540.0,955049.2,2205 EDENDALE LN,LOS ANGELES,CA,90026,97.454
-5781638884493541869,816185.0,816185.0,799861.2999999999,1504 MOHAWK ST,LOS ANGELES,CA,90026,81.6185
-1274159911315730556,2772480.0,2772480.0,2717030.4,1401 MCCOLLUM ST,LOS ANGELES,CA,90026,277.248
-9177535519808042164,616401.0,616401.0,604072.98,"1425 SILVER LAKE BLVD, Unit 4",LOS ANGELES,CA,90026,61.6401
-2753647786516946021,780718.0,780718.0,765103.64,"960 SANBORN AVE, Unit 6",LOS ANGELES,CA,90029,78.0718
3107717474971882795,2200257.0,2200257.0,2156251.86,1205 MANZANITA ST,LOS ANGELES,CA,90029,220.0257
-5905067507489268067,1817500.0,1817500.0,1781150.0,3835 CLAYTON AVE,LOS ANGELES,CA,90027,181.75
2959716335057720344,6436398.0,6436398.0,6307670.04,1936 REDCLIFF ST,LOS ANGELES,CA,90039,643.6398
4081528164106311393,1944895.0,1944895.0,1905997.0999999999,3707 GLENFELIZ BLVD,LOS ANGELES,CA,90039,194.4895
3842034895248545549,2010964.0,2010964.0,1970744.72,3141 MADERA AVE,LOS ANGELES,CA,90039,201.0964
5315931301260974822,2151541.0,2151541.0,2108510.18,3512 MADERA AVE,LOS ANGELES,CA,90039,215.1541
-3613443836237410223,1541864.0,1541864.0,1511026.72,2235 INDIA ST,LOS ANGELES,CA,90039,154.1864
-3352622980048663841,0.0,0.0,0.0,2909 N NORTH COOLIDGE AVE,LOS ANGELES,CA,90039,0.0
-179976962212255291,837673.0,837673.0,820919.54,2250 GLOVER PL,LOS ANGELES,CA,90031,83.7673
,0.0,0.0,0.0,,,CA,90065,0.0
2552612037750700427,989334.0,989334.0,969547.32,3343 ROSEVIEW AVE,LOS ANGELES,CA,90065,98.9334
5665839502810618258,1620071.0,1620071.0,1587669.58,3115 ARVIA ST,LOS ANGELES,CA,90065,162.0071
-2107426430494053580,1104615.0,1104615.0,1082522.7,2038 WOLLAM ST,LOS ANGELES,CA,90065,110.4615
-5680614678128519497,1524985.0,1524985.0,1494485.3,3872 SUNBEAM DR,LOS ANGELES,CA,90065,152.4985
-5718654745458175542,1352094.0,1352094.0,1325052.1199999999,3511 DIVISION ST,LOS ANGELES,CA,90065,135.2094
-8621701989644709217,1689800.0,1689800.0,1656004.0,411 MOUNT WASHINGTON DR,LOS ANGELES,CA,90065,168.98
-1858193943259457579,1076297.0,1076297.0,1054771.06,339 W AVENUE 45,LOS ANGELES,CA,90065,107.6297
5462214372701017428,885286.0,885286.0,867580.28,374 MAVIS DR,LOS ANGELES,CA,90065,88.5286
3703577257143764626,714563.0,714563.0,700271.74,"149 S AVENUE 54, Unit 14",LOS ANGELES,CA,90042,71.4563
-6475311280052809018,564051.0,564051.0,552769.98,"364 N AVENUE 53, Unit 3",LOS ANGELES,CA,90042,56.4051
-8766846090312676043,768674.0,768674.0,753300.52,"3827 W AVENUE 41, Unit 3",LOS ANGELES,CA,90065,76.8674
8508351339571844781,852580.0,852580.0,835528.4,4136 W AVENUE 42,LOS ANGELES,CA,90065,85.258
-380929383664051744,0.0,0.0,0.0,1351 N AVENUE 57,LOS ANGELES,CA,90042,0.0
1375175269225775166,0.0,0.0,0.0,1421 AVON TER,LOS ANGELES,CA,90026,0.0
-6758594363826256746,1532088.0,1532088.0,1501446.24,311 KIRBY ST,LOS ANGELES,CA,90042,153.2088
-8403020147500270994,1588899.0,1588899.0,1557121.02,355 S KINGSLEY DR,LOS ANGELES,CA,90020,158.8899
9031679500741893025,407845.0,407845.0,399688.1,"525 S ARDMORE AVE, Unit 108",LOS ANGELES,CA,90020,40.7845
2428984226075496983,2138297.0,2138297.0,2095531.06,536 S BRONSON AVE,LOS ANGELES,CA,90020,213.8297
-7838770341183621376,989990.0,989990.0,970190.2,"333 S WILTON PL, Unit 12",LOS ANGELES,CA,90020,98.999
-7928716354480470871,474464.0,474464.0,464974.72,"4255 W 5TH ST, Unit 106",LOS ANGELES,CA,90020,47.4464
-5658119012856184962,587873.0,587873.0,576115.54,"358 S GRAMERCY PL, Unit 305",LOS ANGELES,CA,90020,58.7873
3380730821969995876,0.0,0.0,0.0,524 S MUIRFIELD RD,LOS ANGELES,CA,90020,0.0
-1362674433154631604,0.0,0.0,0.0,400 S ROSSMORE AVE,LOS ANGELES,CA,90020,0.0
2742658484640213071,2646873.0,2646873.0,2593935.54,116 S MANSFIELD AVE,LOS ANGELES,CA,90036,264.6873
-3620237826408696528,2689883.0,2689883.0,2636085.34,415 N HARPER AVE,LOS ANGELES,CA,90048,268.9883
-3811984662706847385,1281732.0,1281732.0,1256097.3599999999,112 N MARIPOSA AVE,LOS ANGELES,CA,90004,128.1732
-5221823994465978751,738789.0,738789.0,724013.22,315 N HOBART BLVD,LOS ANGELES,CA,90004,73.8789
-6713745771304840919,1388489.0,1388489.0,1360719.22,"641 WILCOX AVE, Unit 2C",LOS ANGELES,CA,90004,138.8489
-545361352375008405,2191012.0,2191012.0,2147191.76,618 N CHEROKEE AVE,LOS ANGELES,CA,90004,219.1012
-8740186446845717632,3577986.0,3577986.0,3506426.28,330 N HIGHLAND AVE,LOS ANGELES,CA,90036,357.7986
-9057314012822597374,3427499.0,3427499.0,3358949.02,336 N ORANGE DR,LOS ANGELES,CA,90036,342.7499
8180019852888647390,1938997.0,1938997.0,1900217.06,720 N ALTA VISTA BLVD,LOS ANGELES,CA,90046,193.8997
-6591916471777271966,1287013.0,1287013.0,1261272.74,7220 WARING AVE,LOS ANGELES,CA,90046,128.7013
1488829004490214024,2208025.0,2208025.0,2163864.5,740 N SIERRA BONITA AVE,LOS ANGELES,CA,90046,220.8025
698487403475641940,1207127.0,1207127.0,1182984.46,"357 N HAYWORTH AVE, Unit 201",LOS ANGELES,CA,90048,120.7127
-7071335961479057422,611160.0,611160.0,598936.8,"750 N KINGS RD, Unit 321",LOS ANGELES,CA,90069,61.116
-8471485695706250138,1687847.0,1687847.0,1654090.06,900 N ALFRED ST,LOS ANGELES,CA,90069,168.7847
4583340841937387811,1253877.0,1253877.0,1228799.46,"944 N STANLEY AVE, Unit 2",WEST HOLLYWOOD,CA,90046,125.3877
-3683796586460078508,1442109.0,1442109.0,1413266.82,"925 N GENESEE AVE, Unit 4",WEST HOLLYWOOD,CA,90046,144.2109
196372043091297264,0.0,0.0,0.0,823 N GOWER ST,LOS ANGELES,CA,90038,0.0
1954433408389113521,0.0,0.0,0.0,5737 LEXINGTON AVE,LOS ANGELES,CA,90038,0.0
-8197971422740960383,1058735.0,1058735.0,1037560.2999999999,4136 NORMAL AVE,LOS ANGELES,CA,90029,105.8735
-3187128781939332247,1411865.0,1411865.0,1383627.7,1163 N KENMORE AVE,LOS ANGELES,CA,90029,141.1865
7277856913925115056,0.0,0.0,0.0,1624 1/2 N NORMANDIE AVE,LOS ANGELES,CA,90027,0.0
5897108402603874754,953042.0,953042.0,933981.16,1331 N MARIPOSA AVE,LOS ANGELES,CA,90027,95.3042
1292488935073305142,0.0,0.0,0.0,"6142 AFTON PL, Unit 6",LOS ANGELES,CA,90028,0.0
-8253991991643802003,574669.0,574669.0,563175.62,"1351 N ORANGE DR, Unit 201",LOS ANGELES,CA,90028,57.4669
-552212436288147585,484475.0,484475.0,474785.5,"1355 N SIERRA BONITA AVE, Unit 204",WEST HOLLYWOOD,CA,90046,48.4475
1279729098957539530,2367785.0,2367785.0,2320429.3,1324 N ORANGE GROVE AVE,WEST HOLLYWOOD,CA,90046,236.7785
-6550399587193208573,538943.0,538943.0,528164.14,"1234 HAVENHURST DR, Unit 12",WEST HOLLYWOOD,CA,90046,53.8943
-9013088906967793404,0.0,0.0,0.0,1270 N HAYWORTH AVE,WEST HOLLYWOOD,CA,90046,0.0
-850235719989509384,668484.0,668484.0,655114.32,"1155 N LA CIENEGA BLVD, Unit 707",WEST HOLLYWOOD,CA,90069,66.8484
-6507729023879643683,726404.0,726404.0,711875.92,"1131 ALTA LOMA RD, Unit 514",WEST HOLLYWOOD,CA,90069,72.6404
6137641773729130237,3230107.0,3230107.0,3165504.86,1501 RISING GLEN RD,LOS ANGELES,CA,90069,323.0107
5910605312132033439,1888523.0,1888523.0,1850752.54,8835 WONDERLAND AVE,LOS ANGELES,CA,90046,188.8523
2.7034393958039624e+18,0.0,0.0,0.0,15422 S Sequoia Circle,LOS ANGELES,CA,90046,0.0
3619035007599028969,2794052.0,2794052.0,2738170.96,2155 HERCULES DR,LOS ANGELES,CA,90046,279.4052
4760962771167639654,8361085.0,8361085.0,8193863.3,2301 HERCULES DR,LOS ANGELES,CA,90046,836.1085
635379847879258138,3083339.0,3083339.0,3021672.2199999997,3112 CHANDELLE RD,LOS ANGELES,CA,90046,308.3339
-3070270702532260696,990985.0,990985.0,971165.2999999999,"1979 GRACE AVE, Unit 6",LOS ANGELES,CA,90068,99.0985
-5831378626904291740,0.0,0.0,0.0,2100 N CAHUENGA BLVD,LOS ANGELES,CA,90068,0.0
-8296231402501650527,0.0,0.0,0.0,2048 N CAHUENGA BLVD,LOS ANGELES,CA,90068,0.0
2083722450350973479,0.0,0.0,0.0,2042 N CAHUENGA BLVD,LOS ANGELES,CA,90068,0.0
3242070115354683110,2631831.0,2631831.0,2579194.38,3122 ARROWHEAD DR,LOS ANGELES,CA,90068,263.1831
6056260255608493049,1002720.0,1002720.0,982665.6,"3401 BARHAM BLVD, Unit 2",LOS ANGELES,CA,90068,100.272
2206937075310486395,0.0,0.0,0.0,3411 PRIMERA AVE,LOS ANGELES,CA,90068,0.0
-2470176653926712708,2156395.0,2156395.0,2113267.1,2654 HOLLYRIDGE DR,LOS ANGELES,CA,90068,215.6395
-8556601097863565294,3400216.0,3400216.0,3332211.68,5819 CAZAUX DR,LOS ANGELES,CA,90068,340.0216
8481298506549782804,3782133.0,3782133.0,3706490.34,2556 PARK OAK DR,LOS ANGELES,CA,90068,378.2133
43987453210042638,1675157.0,1675157.0,1641653.8599999999,2234 N VISTA DEL MAR AVE,LOS ANGELES,CA,90068,167.5157
-4575441758872061279,3914918.0,3914918.0,3836619.64,2161 ARGYLE AVE,LOS ANGELES,CA,90068,391.4918
-109540997239115315,3033257.0,3033257.0,2972591.86,6245 SCENIC AVE,LOS ANGELES,CA,90068,303.3257
7036433380926828348,0.0,0.0,0.0,6245 SCENIC AVE,LOS ANGELES,CA,90068,0.0
5475371543612159219,0.0,0.0,0.0,"1929 TAMARIND AVE, Unit 2",LOS ANGELES,CA,90068,0.0
7806142919235810837,3076746.0,3076746.0,3015211.08,5523 TUXEDO TER,LOS ANGELES,CA,90068,307.6746
-997900513105213821,2155338.0,2155338.0,2112231.2399999998,2967 GLENDOWER AVE,LOS ANGELES,CA,90027,215.5338
9106937634505754804,1525967.0,1525967.0,1495447.66,1738 N ALEXANDRIA AVE,LOS ANGELES,CA,90027,152.5967
1415399725633680986,1752297.0,1752297.0,1717251.06,4273 HOLLY KNOLL DR,LOS ANGELES,CA,90027,175.2297
-8661366403002173827,2992658.0,2992658.0,2932804.84,3372 LEY DR,LOS ANGELES,CA,90027,299.2658
-8197523881336512236,1008524.0,1008524.0,988353.52,4045 BRUNSWICK AVE,LOS ANGELES,CA,90039,100.8524
3478791008486960197,1276535.0,1276535.0,1251004.3,3316 HENRIETTA AVE,GLENDALE,CA,91214,127.6535
-3983082094509801376,977633.0,977633.0,958080.34,3727 3RD AVE,GLENDALE,CA,91214,97.7633
2196793764254380522,1890899.0,1890899.0,1853081.02,3817 FORESTGLEN DR,GLENDALE,CA,91214,189.0899
-6118129763457088787,1429324.0,1429324.0,1400737.52,2009 SIERRA PL,GLENDALE,CA,91208,142.9324
-3544528338569498233,1449152.0,1449152.0,1420168.96,3500 DOWNING AVE,GLENDALE,CA,91208,144.9152
-1933608091700130934,2154663.0,2154663.0,2111569.7399999998,3189 BEAUDRY TER,GLENDALE,CA,91208,215.4663
2774716688592694742,1422615.0,1422615.0,1394162.7,1425 LINDEN AVE,GLENDALE,CA,91201,142.2615
4967225333439532530,1880229.0,1880229.0,1842624.42,2048 W KENNETH RD,GLENDALE,CA,91201,188.0229
8638281050817820493,651897.0,651897.0,638859.0599999999,"527 E ELMWOOD AVE, Unit E",BURBANK,CA,91501,65.1897
-5148892135035125372,879216.0,879216.0,861631.6799999999,"1161 SPAZIER AVE, Unit 4",GLENDALE,CA,91201,87.9216
-4217592253661040442,1301877.0,1301877.0,1275839.46,1741 GLENWOOD RD,GLENDALE,CA,91201,130.1877
179200224046261671,692677.0,692677.0,678823.46,"1162 WINCHESTER AVE, Unit K",GLENDALE,CA,91201,69.2677
5701812510763826282,916045.0,916045.0,897724.1,1305 COSMIC WAY,GLENDALE,CA,91201,91.6045
-2994914545332107587,1580043.0,1580043.0,1548442.14,366 W PALMER AVE,GLENDALE,CA,91204,158.0043
